{"stat.useItem.minecraft.bow":46,"stat.useItem.gregtech.ore_banded_iron_0":2,"stat.pickup.gregtech.ore_cassiterite_sand_0":89,"stat.pickup.toolbelt.pouch":3,"stat.leaveGame":5,"stat.pickup.gregtech.ore_gold_0":26,"stat.useItem.gregtech.wrench":1,"stat.pickup.thermalexpansion.capacitor":2,"stat.mineBlock.minecraft.stained_glass":23,"stat.pickup.gregtech.ore_tin_0":9,"stat.pickup.gregtech.ore_lead_0":33,"stat.pickup.betterquesting.quest_book":1,"stat.pickup.gregtech.ore_uraninite_0":41,"stat.pickup.gregtech.ore_oilsands_0":2,"stat.pickup.minecraft.rotten_flesh":44,"stat.craftItem.minecraft.stone_axe":5,"stat.pickup.minecraft.cobblestone_wall":8,"stat.pickup.minecraft.bucket":2,"stat.pickup.enderio.item_broken_spawner":6,"stat.craftItem.minecraft.iron_shovel":1,"stat.pickup.minecraft.brown_mushroom":2,"stat.pickup.chisel.chisel_iron":2,"stat.mineBlock.gregtech.ore_lepidolite_0":24,"stat.useItem.minecraft.iron_pickaxe":749,"stat.pickup.minecraft.stained_hardened_clay":38,"stat.pickup.gregtech.stone_cobble":1630,"stat.useItem.minecraft.iron_shovel":136,"stat.pickup.thermalexpansion.satchel":1,"stat.craftItem.gregtech.cable_single":68,"stat.craftItem.minecraft.glass_pane":128,"stat.mineBlock.gregtech.ore_talc_0":4,"stat.pickup.gregtech.ore_glauconite_sand_0":1,"stat.furnaceInteraction":189,"stat.craftItem.simplyjetpacks.itemjetpack":2,"stat.drop.gregtech.machine":1,"stat.pickup.gregtech.ore_magnetite_0":94,"stat.pickup.gregtech.ore_fullers_earth_0":4,"stat.pickup.minecraft.beef":12,"stat.pickup.chisel.stonebrick":7,"stat.mineBlock.minecraft.stained_hardened_clay":54,"stat.mineBlock.gregtech.ore_banded_iron_0":142,"stat.pickup.gregtech.ore_copper_0":8,"stat.mineBlock.thermalexpansion.dynamo":3,"stat.mineBlock.gregtech.ore_diatomite_0":10,"stat.useItem.minecraft.flint_and_steel":1,"stat.useItem.gregtech.metal_casing":63,"stat.deaths":7,"stat.pickup.minecraft.egg":2,"stat.pickup.gregtech.ore_cassiterite_0":32,"stat.pickup.enderio.item_liquid_conduit":4,"stat.craftItem.minecraft.iron_pickaxe":10,"stat.craftItem.gregtech.meta_tool_head_buzz_saw":1,"stat.mineBlock.minecraft.tallgrass":46,"stat.chestOpened":971,"stat.pickup.gregtech.ore_vanadium_magnetite_0":23,"stat.useItem.minecraft.stone":1,"stat.pickup.minecraft.arrow":65,"stat.drop.gregtech.meta_plate":5,"stat.useItem.chisel.stonebrick":6,"stat.craftItem.minecraft.coal":50,"stat.drop.minecraft.iron_pickaxe":1,"stat.craftItem.gregtech.file":4,"stat.drop.gregtech.ore_green_sapphire_0":1,"stat.crouchOneCm":22064,"stat.pickup.minecraft.rail":3,"stat.mineBlock.minecraft.chest":3,"stat.mineBlock.gregtech.ore_malachite_0":89,"stat.craftItem.minecraft.iron_ingot":317,"stat.craftingTableInteraction":254,"stat.mineBlock.gregtech.ore_copper_0":4,"stat.mineBlock.gregtech.ore_pitchblende_0":61,"stat.drop.betterquesting.quest_book":1,"stat.mineBlock.minecraft.log2":10,"stat.pickup.gregtech.ore_pyrope_0":2,"stat.useItem.minecraft.reeds":8,"stat.craftItem.enderio.item_power_conduit":3,"stat.pickup.minecraft.dye":7,"stat.pickup.minecraft.planks":19,"stat.craftItem.gregtech.hammer":8,"stat.pickup.minecraft.wheat_seeds":10,"stat.pickup.chisel.cobblestone":2,"stat.pickup.enderio.item_material":1,"stat.mineBlock.minecraft.glass":2,"stat.mineBlock.gregtech.ore_pyrope_0":2,"stat.mineBlock.gregtech.ore_cobaltite_0":9,"stat.mineBlock.minecraft.dirt":111,"stat.pickup.gregtech.wire_single":26,"stat.pickup.minecraft.brewing_stand":1,"stat.useItem.minecraft.bread":1,"stat.drop.minecraft.rotten_flesh":2,"stat.useItem.minecraft.cobblestone":372,"stat.mineBlock.minecraft.double_plant":2,"stat.drop.gregtech.ore_banded_iron_0":5,"stat.pickup.toolbelt.belt":1,"stat.pickup.minecraft.iron_pickaxe":5,"stat.mineBlock.chisel.stonebrick1":1,"stat.pickup.minecraft.chicken":7,"stat.mineBlock.chisel.stonebrick2":1,"stat.mineBlock.gregtech.ore_sapphire_0":3,"stat.pickup.minecraft.apple":9,"stat.mineBlock.gregtech.ore_chalcopyrite_0":113,"stat.craftItem.minecraft.bucket":5,"stat.craftItem.minecraft.planks":500,"stat.useItem.gregtech.axe":240,"stat.pickup.gregtech.ore_pentlandite_0":2,"stat.mineBlock.gregtech.ore_gold_0":27,"stat.pickup.minecraft.stone_sword":2,"stat.mineBlock.morefurnaces.furnaceblock":3,"stat.mineBlock.gregtech.ore_lead_0":38,"stat.useItem.gregtech.ore_yellow_limonite_0":5,"stat.useItem.minecraft.stonebrick":381,"stat.pickup.minecraft.book":42,"stat.mineBlock.minecraft.log":153,"stat.craftItem.minecraft.paper":81,"stat.pickup.gregtech.mortar":2,"stat.pickup.minecraft.red_flower":1,"stat.pickup.minecraft.wool":8,"stat.mineBlock.gregtech.ore_cassiterite_sand_0":96,"stat.mineBlock.gregtech.ore_zeolite_0":32,"stat.mineBlock.minecraft.cobblestone":192,"stat.pickup.minecraft.stone_pickaxe":4,"stat.craftItem.simplyjetpacks.metaitemmods":4,"stat.craftItem.gregtech.meta_wire_fine":135,"stat.mineBlock.gregtech.ore_realgar_0":14,"stat.mineBlock.minecraft.stained_glass_pane":38,"stat.pickup.gregtech.ore_diatomite_0":4,"stat.craftItem.gregtech.mortar":1,"stat.pickup.enderio.item_dark_steel_sword":3,"stat.mineBlock.chisel.cobblestone2":24,"stat.pickup.minecraft.cooked_porkchop":15,"stat.drop.gregtech.ore_brown_limonite_0":1,"stat.useItem.minecraft.stone_slab2":84,"stat.pickup.minecraft.bow":3,"stat.craftItem.morefurnaces.furnaceblock":6,"stat.pickup.actuallyadditions.block_giant_chest":3,"stat.pickup.gregtech.ore_almandine_0":8,"stat.mineBlock.chisel.cobblestone":2,"stat.craftItem.minecraft.furnace":14,"stat.useItem.morefurnaces.furnaceblock":3,"stat.craftItem.minecraft.iron_boots":1,"stat.mineBlock.gregtech.ore_magnetite_0":112,"stat.craftItem.minecraft.cooked_beef":9,"stat.mineBlock.minecraft.clay":89,"stat.flyOneCm":944170,"stat.pickup.gregtech.ore_green_sapphire_0":3,"stat.drop.tombmanygraves.death_list":3,"stat.pickup.gregtech.ore_cinnabar_0":1,"stat.pickup.architecturecraft.shape":1,"stat.craftItem.gregtech.ore_malachite_0":64,"stat.craftItem.minecraft.emerald_block":1,"stat.timeSinceDeath":964236,"stat.pickup.gregtech.ore_talc_0":4,"stat.mineBlock.gregtech.ore_uraninite_0":42,"stat.killEntity.Bat":1,"stat.pickup.thermalexpansion.dynamo":2,"stat.craftItem.minecraft.stonebrick":184,"stat.mineBlock.gregtech.ore_green_sapphire_0":3,"stat.pickup.gregtech.ore_cobaltite_0":10,"stat.mineBlock.gregtech.ore_granitic_mineral_sand_0":12,"stat.mineBlock.minecraft.enchanting_table":1,"stat.killEntity.Creeper":8,"stat.pickup.minecraft.shield":2,"stat.mineBlock.gregtech.ore_cassiterite_0":32,"stat.pickup.minecraft.string":44,"stat.pickup.gregtech.hammer":1,"stat.entityKilledBy.Skeleton":2,"stat.useItem.architecturecraft.shape":1,"stat.craftItem.gregtech.ore_glauconite_sand_0":32,"stat.killEntity.Squid":3,"stat.sprintOneCm":2314416,"stat.mineBlock.minecraft.stone_slab":9,"stat.pickup.gregtech.ore_granitic_mineral_sand_0":3,"stat.pickup.gregtech.ore_galena_0":258,"stat.useItem.gregtech.mining_hammer":8597,"stat.mineBlock.gregtech.ore_garnierite_0":36,"stat.craftItem.gregtech.ore_aluminium_0":32,"stat.killEntity.Zombie":42,"stat.diveOneCm":63788,"stat.craftItem.minecraft.slime_ball":78,"stat.mineBlock.gregtech.metal_casing":33,"stat.pickup.chisel.stonebrick1":2,"stat.craftItem.minecraft.cooked_porkchop":42,"stat.pickup.gregtech.ore_garnet_sand_0":2,"stat.pickup.minecraft.stone_axe":2,"stat.jump":4997,"stat.pickup.minecraft.coal":212,"stat.pickup.minecraft.iron_ingot":95,"stat.mineBlock.nuclearcraft.water_source":1,"stat.pickup.minecraft.gunpowder":4,"stat.craftItem.minecraft.torch":152,"stat.pickup.minecraft.dirt":156,"stat.craftItem.gregtech.wire_quadruple":4,"stat.useItem.minecraft.sapling":26,"stat.pickup.gregtech.cable_single":4,"stat.mineBlock.minecraft.glass_pane":2,"stat.damageTaken":7673,"stat.useItem.minecraft.stone_brick_stairs":18,"stat.craftItem.gregtech.planks":144,"stat.mineBlock.minecraft.torch":22,"stat.mineBlock.minecraft.red_flower":1,"stat.mineBlock.minecraft.sapling":11,"stat.pickup.minecraft.log2":10,"stat.drop.enderio.item_dark_steel_sword":1,"stat.pickup.minecraft.quartz_block":26,"stat.entityKilledBy.Zombie":3,"stat.useItem.minecraft.chest":16,"stat.pickup.gregtech.meta_dust_tiny":17,"stat.pickup.gregtech.ore_bentonite_0":2,"stat.useItem.minecraft.lava_bucket":12,"stat.mineBlock.gregtech.ore_almandine_0":13,"stat.drop.gregtech.mining_hammer":4,"stat.mineBlock.gregtech.ore_ruby_0":1,"stat.craftItem.minecraft.iron_chestplate":1,"stat.useItem.minecraft.stained_hardened_clay":1,"stat.pickup.minecraft.cooked_beef":42,"stat.mineBlock.gregtech.ore_asbestos_0":26,"stat.craftItem.gregtech.meta_spring_small":1,"stat.mineBlock.minecraft.stonebrick":169,"stat.pickup.gregtech.ore_chalcopyrite_0":109,"stat.mineBlock.dimensionaledibles.custom_cake":1,"stat.mobKills":264,"stat.mineBlock.minecraft.bookshelf":14,"stat.craftItem.minecraft.shears":1,"stat.craftItem.gregtech.meta_rotor":1,"stat.pickup.minecraft.iron_horse_armor":1,"stat.pickup.minecraft.torch":97,"stat.useItem.dimensionaledibles.custom_cake":1,"stat.mineBlock.gregtech.ore_coal_0":284,"stat.pickup.gregtech.ore_pitchblende_0":60,"stat.craftItem.simplyjetpacks.metaitem":1,"stat.pickup.gregtech.ore_nickel_0":5,"stat.pickup.minecraft.porkchop":71,"stat.craftItem.gregtech.mining_hammer":4,"stat.mineBlock.gregtech.ore_vanadium_magnetite_0":25,"stat.mineBlock.minecraft.red_mushroom":1,"stat.useItem.minecraft.water_bucket":12,"stat.mineBlock.minecraft.stone_brick_stairs":2,"stat.useItem.enderio.item_dark_steel_sword":574,"stat.craftItem.actuallyadditions.block_misc":1,"stat.pickup.nuclearcraft.water_source":1,"stat.craftItem.gregtech.axe":1,"stat.craftItem.minecraft.stone_sword":2,"stat.pickup.openglider.hang_glider_basic":1,"stat.pickup.chisel.cobblestone2":25,"stat.craftItem.contenttweaker.excitationcoil":5,"stat.craftItem.gregtech.ore_sulfur_0":32,"stat.pickup.gregtech.ore_spodumene_0":9,"stat.hopperInspected":10,"stat.mineBlock.gregtech.ore_nickel_0":2,"stat.pickup.gregtech.meta_ingot":321,"stat.craftItem.gregtech.saw":1,"stat.craftItem.gregtech.machine":11,"stat.pickup.gregtech.ore_yellow_limonite_0":376,"stat.pickup.actuallyadditions.item_solidified_experience":40,"stat.craftItem.thermalfoundation.material":16,"stat.useItem.minecraft.cooked_mutton":4,"stat.pickup.minecraft.furnace":3,"stat.drop.minecraft.stained_hardened_clay":3,"stat.pickup.minecraft.skull":3,"stat.pickup.gregtech.meta_item_1":231,"stat.pickup.gregtech.mining_hammer":6,"stat.pickup.minecraft.pumpkin_seeds":4,"stat.craftItem.gregtech.meta_ingot":700,"stat.mineBlock.gregtech.ore_bentonite_0":1,"stat.mineBlock.actuallyadditions.block_giant_chest":3,"stat.craftItem.gregtech.meta_item_1":201,"stat.craftItem.gregtech.meta_foil":83,"stat.playOneMinute":1004959,"stat.pickup.minecraft.iron_bars":13,"stat.pickup.gregtech.ore_zeolite_0":30,"stat.fallOneCm":156267,"stat.craftItem.hooked.hook":1,"stat.useItem.gregtech.ore_brown_limonite_0":1,"stat.pickup.gregtech.machine":11,"stat.craftItem.minecraft.chest":35,"stat.mineBlock.gregtech.ore_yellow_limonite_0":387,"stat.mineBlock.gregtech.machine":6,"stat.mineBlock.gregtech.rubber_sapling":3,"stat.craftItem.hooked.microcrafting":11,"stat.pickup.minecraft.feather":6,"stat.pickup.gregtech.ore_lepidolite_0":24,"stat.mineBlock.gregtech.ore_cinnabar_0":1,"stat.useItem.minecraft.furnace":7,"stat.mineBlock.architecturecraft.shape":1,"stat.drop.gregtech.meta_item_1":5,"stat.pickup.gregtech.ore_malachite_0":127,"stat.pickup.gregtech.ore_banded_iron_0":133,"stat.useItem.minecraft.stone_pickaxe":287,"stat.mineBlock.gregtech.ore_tin_0":11,"stat.useItem.minecraft.stone_sword":105,"stat.craftItem.minecraft.iron_leggings":1,"stat.breakItem.gregtech.file":2,"stat.useItem.minecraft.torch":228,"stat.pickup.minecraft.golden_apple":1,"stat.pickup.gregtech.ore_silver_0":71,"stat.pickup.minecraft.crafting_table":1,"stat.craftItem.minecraft.crafting_table":10,"stat.mineBlock.gregtech.ore_pentlandite_0":2,"stat.mineBlock.chisel.stonebrick":7,"stat.pickup.minecraft.log":184,"stat.mineBlock.gregtech.ore_fullers_earth_0":4,"stat.pickup.minecraft.web":5,"stat.craftItem.gregtech.machine_casing":5,"stat.pickup.minecraft.sapling":73,"stat.pickup.gregtech.ore_brown_limonite_0":233,"stat.craftItem.thermalexpansion.capacitor":3,"stat.mineBlock.gregtech.ore_silver_0":78,"stat.craftItem.gregtech.ore_stibnite_0":32,"stat.craftItem.minecraft.cooked_chicken":7,"stat.pickup.gregtech.ore_garnierite_0":35,"stat.sneakTime":11318,"stat.mineBlock.minecraft.cobblestone_wall":10,"stat.pickup.minecraft.chest":4,"stat.drop.minecraft.stone_pickaxe":1,"stat.pickup.minecraft.bone":78,"stat.pickup.gregtech.ore_asbestos_0":7,"stat.mineBlock.gregtech.ore_galena_0":285,"stat.useItem.gregtech.stone_cobble":42,"stat.mineBlock.gregtech.ore_gypsum_0":2,"stat.craftItem.minecraft.stone_brick_stairs":20,"stat.drop.gregtech.wrench":1,"stat.swimOneCm":72452,"stat.climbOneCm":103041,"stat.pickup.gregtech.ore_coal_0":271,"stat.craftItem.gregtech.wrench":3,"stat.pickup.gregtech.meta_wire_fine":6,"stat.craftItem.gregtech.meta_screw":9,"stat.pickup.minecraft.enchanting_table":1,"stat.pickup.minecraft.anvil":5,"stat.craftItem.minecraft.stone_pickaxe":3,"stat.pickup.minecraft.cobblestone":4715,"stat.craftItem.storagedrawers.customdrawers":1,"stat.pickup.gregtech.meta_plate":16,"stat.useItem.chisel.cobblestone":2,"stat.craftItem.gregtech.meta_ring":1,"stat.pickup.gregtech.ore_sapphire_0":3,"stat.mineBlock.gregtech.rubber_leaves":1,"stat.drop.minecraft.wheat_seeds":3,"stat.breakItem.gregtech.hammer":3,"stat.useItem.minecraft.cooked_beef":27,"stat.craftItem.minecraft.wooden_slab":6,"stat.pickup.minecraft.redstone":64,"stat.useItem.gregtech.rubber_sapling":50,"stat.pickup.minecraft.mutton":12,"stat.pickup.gregtech.wire_quadruple":4,"stat.mineBlock.gregtech.ore_rock_salt_0":19,"stat.pickup.gregtech.rubber_sapling":95,"stat.pickup.minecraft.stonebrick":227,"stat.useItem.minecraft.cooked_porkchop":53,"stat.pickup.gregtech.ore_redstone_0":16,"stat.craftItem.gregtech.meta_stick":198,"stat.pickup.gregtech.meta_crushed":38,"stat.craftItem.minecraft.stone_slab2":0,"stat.craftItem.gregtech.meta_nugget":9,"stat.pickup.actuallyadditions.item_misc":5,"stat.pickup.morefurnaces.furnaceblock":3,"stat.craftItem.minecraft.stick":148,"stat.pickup.gregtech.ore_iron_0":7,"stat.craftItem.gregtech.meta_gear":14,"stat.craftItem.thermalexpansion.dynamo":5,"stat.pickup.gregtech.metal_casing":66,"stat.mineBlock.gregtech.ore_oilsands_0":4,"stat.craftItem.minecraft.stone":48,"stat.craftItem.gregtech.meta_gear_small":2,"stat.mineBlock.gregtech.ore_redstone_0":19,"stat.mineBlock.minecraft.crafting_table":1,"stat.mineBlock.minecraft.quartz_block":27,"stat.useItem.minecraft.carrot":1,"stat.entityKilledBy.Creeper":1,"stat.mineBlock.minecraft.planks":27,"stat.mineBlock.gregtech.ore_brown_limonite_0":242,"stat.craftItem.gregtech.meta_plate":586,"stat.drop":41,"stat.craftItem.actuallyadditions.item_misc":16,"stat.killEntity.Sheep":8,"stat.pickup.minecraft.slime_ball":5,"stat.craftItem.gregtech.ore_pyrolusite_0":33,"stat.pickup.gregtech.ore_salt_0":53,"stat.craftItem.minecraft.piston":2,"stat.killEntity.Slime":10,"stat.pickup.gregtech.ore_realgar_0":14,"stat.mineBlock.minecraft.anvil":6,"stat.useItem.minecraft.apple":5,"stat.useItem.minecraft.porkchop":1,"stat.pickup.minecraft.stone_brick_stairs":2,"stat.breakItem.gregtech.mining_hammer":1,"stat.killEntity.SkeletonHorse":1,"stat.useItem.minecraft.stone_axe":141,"stat.pickup.minecraft.spider_eye":15,"stat.craftItem.minecraft.iron_helmet":1,"stat.mineBlock.gregtech.ore_pollucite_0":1,"stat.useItem.minecraft.cooked_chicken":7,"stat.mineBlock.minecraft.iron_bars":14,"stat.craftItem.minecraft.flint_and_steel":1,"stat.pickup.gregtech.wrench":2,"stat.pickup.minecraft.leaves":237,"stat.mineBlock.minecraft.furnace":3,"stat.pickup.gregtech.ore_rock_salt_0":38,"stat.drop.minecraft.water_bucket":1,"stat.pickup.minecraft.reeds":33,"stat.drop.gregtech.stone_cobble":2,"stat.pickup.gregtech.rubber_log":201,"stat.craftItem.storagedrawers.controller":1,"stat.damageDealt":35096,"stat.craftItem.minecraft.glass":20,"stat.sleepInBed":4,"stat.killEntity.Cow":10,"stat.useItem.minecraft.crafting_table":1,"stat.killEntity.Pig":40,"stat.pickup.gregtech.ore_pollucite_0":1,"stat.walkOneCm":2221507,"stat.pickup.minecraft.stick":5,"stat.mineBlock.gregtech.ore_salt_0":55,"stat.pickup.minecraft.clay_ball":346,"stat.craftItem.gregtech.wire_single":118,"stat.craftItem.gregtech.ore_lithium_0":32,"stat.mineBlock.gregtech.ore_iron_0":12,"stat.craftItem.gregtech.wire_cutter":4,"stat.mineBlock.gregtech.ore_spodumene_0":9,"stat.pickup.gregtech.meta_dust":65,"stat.craftItem.minecraft.redstone":640,"stat.mineBlock.gregtech.rubber_log":201,"stat.pickup.minecraft.gold_ingot":24,"stat.killEntity.Skeleton":52,"stat.mineBlock.gregtech.stone_smooth":1692,"stat.craftItem.gregtech.meta_bolt":40,"stat.killEntity.Chicken":7,"stat.killEntity.Spider":76,"stat.mineBlock.gregtech.ore_garnet_sand_0":10,"stat.mineBlock.minecraft.leaves":268,"stat.craftItem.gregtech.meta_dust":675,"stat.useItem.chisel.cobblestone2":249,"stat.mineBlock.minecraft.stone":4879,"stat.craftItem.actuallyadditions.block_giant_chest":1}