{"stat.useItem.minecraft.bow":36,"stat.mineBlock.gregtech.ore_coal_0":71,"stat.pickup.gregtech.ore_cassiterite_sand_0":89,"stat.pickup.gregtech.ore_pitchblende_0":29,"stat.pickup.toolbelt.pouch":3,"stat.leaveGame":3,"stat.pickup.gregtech.ore_gold_0":12,"stat.useItem.gregtech.wrench":1,"stat.mineBlock.minecraft.stained_glass":8,"stat.pickup.gregtech.ore_nickel_0":2,"stat.pickup.minecraft.porkchop":71,"stat.pickup.gregtech.ore_tin_0":9,"stat.mineBlock.gregtech.ore_vanadium_magnetite_0":5,"stat.pickup.betterquesting.quest_book":1,"stat.mineBlock.minecraft.red_mushroom":1,"stat.useItem.minecraft.water_bucket":12,"stat.pickup.gregtech.ore_uraninite_0":26,"stat.pickup.gregtech.ore_oilsands_0":2,"stat.mineBlock.minecraft.stone_brick_stairs":2,"stat.pickup.minecraft.rotten_flesh":40,"stat.useItem.enderio.item_dark_steel_sword":432,"stat.craftItem.minecraft.stone_axe":5,"stat.craftItem.actuallyadditions.block_misc":1,"stat.pickup.nuclearcraft.water_source":1,"stat.pickup.minecraft.cobblestone_wall":8,"stat.pickup.minecraft.bucket":2,"stat.pickup.enderio.item_broken_spawner":4,"stat.craftItem.minecraft.stone_sword":2,"stat.pickup.openglider.hang_glider_basic":1,"stat.craftItem.minecraft.iron_shovel":1,"stat.pickup.minecraft.brown_mushroom":2,"stat.mineBlock.gregtech.ore_lepidolite_0":24,"stat.craftItem.contenttweaker.excitationcoil":1,"stat.pickup.gregtech.ore_spodumene_0":9,"stat.mineBlock.gregtech.ore_nickel_0":1,"stat.useItem.minecraft.iron_pickaxe":314,"stat.pickup.minecraft.stained_hardened_clay":21,"stat.pickup.gregtech.stone_cobble":1626,"stat.useItem.minecraft.iron_shovel":136,"stat.pickup.thermalexpansion.satchel":1,"stat.craftItem.gregtech.cable_single":45,"stat.craftItem.minecraft.glass_pane":128,"stat.pickup.gregtech.meta_ingot":255,"stat.craftItem.gregtech.saw":1,"stat.mineBlock.gregtech.ore_talc_0":4,"stat.craftItem.gregtech.machine":9,"stat.pickup.gregtech.ore_yellow_limonite_0":222,"stat.pickup.gregtech.ore_glauconite_sand_0":1,"stat.furnaceInteraction":189,"stat.drop.gregtech.machine":1,"stat.pickup.gregtech.ore_magnetite_0":14,"stat.pickup.actuallyadditions.item_solidified_experience":33,"stat.craftItem.thermalfoundation.material":3,"stat.pickup.minecraft.beef":12,"stat.useItem.minecraft.cooked_mutton":4,"stat.pickup.minecraft.furnace":3,"stat.drop.minecraft.stained_hardened_clay":1,"stat.mineBlock.minecraft.stained_hardened_clay":32,"stat.pickup.minecraft.skull":2,"stat.mineBlock.gregtech.ore_banded_iron_0":74,"stat.pickup.gregtech.meta_item_1":143,"stat.mineBlock.thermalexpansion.dynamo":3,"stat.mineBlock.gregtech.ore_diatomite_0":10,"stat.pickup.gregtech.mining_hammer":6,"stat.useItem.minecraft.flint_and_steel":1,"stat.pickup.minecraft.pumpkin_seeds":4,"stat.craftItem.gregtech.meta_ingot":274,"stat.mineBlock.gregtech.ore_bentonite_0":1,"stat.mineBlock.actuallyadditions.block_giant_chest":3,"stat.craftItem.gregtech.meta_item_1":175,"stat.useItem.gregtech.metal_casing":63,"stat.craftItem.gregtech.meta_foil":65,"stat.deaths":7,"stat.pickup.minecraft.egg":2,"stat.playOneMinute":697111,"stat.pickup.gregtech.ore_cassiterite_0":32,"stat.pickup.enderio.item_liquid_conduit":4,"stat.craftItem.minecraft.iron_pickaxe":10,"stat.craftItem.gregtech.meta_tool_head_buzz_saw":1,"stat.pickup.minecraft.iron_bars":13,"stat.mineBlock.minecraft.tallgrass":39,"stat.chestOpened":583,"stat.pickup.gregtech.ore_vanadium_magnetite_0":4,"stat.pickup.minecraft.arrow":54,"stat.pickup.gregtech.ore_zeolite_0":30,"stat.drop.gregtech.meta_plate":5,"stat.craftItem.minecraft.coal":50,"stat.craftItem.gregtech.file":2,"stat.fallOneCm":90155,"stat.craftItem.hooked.hook":1,"stat.useItem.gregtech.ore_brown_limonite_0":1,"stat.drop.gregtech.ore_green_sapphire_0":1,"stat.pickup.gregtech.machine":11,"stat.crouchOneCm":18159,"stat.pickup.minecraft.rail":3,"stat.mineBlock.minecraft.chest":3,"stat.mineBlock.gregtech.ore_malachite_0":56,"stat.craftItem.minecraft.iron_ingot":105,"stat.craftItem.minecraft.chest":25,"stat.mineBlock.gregtech.ore_yellow_limonite_0":230,"stat.craftingTableInteraction":174,"stat.mineBlock.gregtech.machine":6,"stat.mineBlock.gregtech.ore_pitchblende_0":30,"stat.mineBlock.gregtech.rubber_sapling":1,"stat.craftItem.hooked.microcrafting":11,"stat.drop.betterquesting.quest_book":1,"stat.mineBlock.minecraft.log2":10,"stat.pickup.minecraft.feather":6,"stat.pickup.gregtech.ore_lepidolite_0":24,"stat.useItem.minecraft.furnace":7,"stat.pickup.gregtech.ore_pyrope_0":2,"stat.useItem.minecraft.reeds":8,"stat.craftItem.enderio.item_power_conduit":3,"stat.drop.gregtech.meta_item_1":4,"stat.pickup.minecraft.dye":7,"stat.pickup.minecraft.planks":19,"stat.pickup.gregtech.ore_malachite_0":96,"stat.craftItem.gregtech.hammer":4,"stat.pickup.minecraft.wheat_seeds":9,"stat.pickup.enderio.item_material":1,"stat.pickup.gregtech.ore_banded_iron_0":69,"stat.useItem.minecraft.stone_pickaxe":287,"stat.mineBlock.gregtech.ore_tin_0":11,"stat.useItem.minecraft.stone_sword":105,"stat.craftItem.minecraft.iron_leggings":1,"stat.mineBlock.gregtech.ore_pyrope_0":2,"stat.mineBlock.gregtech.ore_cobaltite_0":9,"stat.mineBlock.minecraft.dirt":111,"stat.pickup.gregtech.wire_single":26,"stat.pickup.minecraft.brewing_stand":1,"stat.useItem.minecraft.bread":1,"stat.useItem.minecraft.torch":160,"stat.pickup.minecraft.golden_apple":1,"stat.drop.minecraft.rotten_flesh":2,"stat.pickup.minecraft.crafting_table":1,"stat.useItem.minecraft.cobblestone":357,"stat.craftItem.minecraft.crafting_table":8,"stat.mineBlock.minecraft.double_plant":2,"stat.mineBlock.gregtech.ore_pentlandite_0":1,"stat.pickup.toolbelt.belt":1,"stat.pickup.minecraft.log":184,"stat.pickup.minecraft.iron_pickaxe":4,"stat.pickup.minecraft.web":5,"stat.pickup.minecraft.chicken":7,"stat.craftItem.gregtech.machine_casing":4,"stat.pickup.minecraft.sapling":73,"stat.mineBlock.gregtech.ore_sapphire_0":3,"stat.pickup.minecraft.apple":9,"stat.mineBlock.gregtech.ore_chalcopyrite_0":109,"stat.pickup.gregtech.ore_brown_limonite_0":171,"stat.craftItem.minecraft.bucket":5,"stat.craftItem.minecraft.planks":404,"stat.useItem.gregtech.axe":135,"stat.pickup.gregtech.ore_pentlandite_0":1,"stat.mineBlock.gregtech.ore_gold_0":14,"stat.pickup.minecraft.stone_sword":2,"stat.mineBlock.morefurnaces.furnaceblock":3,"stat.useItem.gregtech.ore_yellow_limonite_0":5,"stat.useItem.minecraft.stonebrick":381,"stat.mineBlock.minecraft.log":153,"stat.craftItem.gregtech.ore_stibnite_0":32,"stat.craftItem.minecraft.cooked_chicken":7,"stat.pickup.gregtech.ore_garnierite_0":30,"stat.craftItem.minecraft.paper":81,"stat.pickup.gregtech.mortar":2,"stat.pickup.minecraft.red_flower":1,"stat.sneakTime":8719,"stat.pickup.minecraft.wool":8,"stat.mineBlock.minecraft.cobblestone_wall":10,"stat.mineBlock.gregtech.ore_cassiterite_sand_0":96,"stat.pickup.minecraft.chest":4,"stat.drop.minecraft.stone_pickaxe":1,"stat.pickup.minecraft.bone":65,"stat.mineBlock.gregtech.ore_zeolite_0":32,"stat.pickup.gregtech.ore_asbestos_0":7,"stat.mineBlock.minecraft.cobblestone":88,"stat.pickup.minecraft.stone_pickaxe":4,"stat.useItem.gregtech.stone_cobble":41,"stat.mineBlock.gregtech.ore_gypsum_0":1,"stat.craftItem.minecraft.stone_brick_stairs":20,"stat.craftItem.gregtech.meta_wire_fine":79,"stat.mineBlock.gregtech.ore_realgar_0":14,"stat.drop.gregtech.wrench":1,"stat.mineBlock.minecraft.stained_glass_pane":4,"stat.pickup.gregtech.ore_diatomite_0":4,"stat.swimOneCm":67604,"stat.pickup.enderio.item_dark_steel_sword":2,"stat.climbOneCm":72589,"stat.pickup.minecraft.cooked_porkchop":15,"stat.drop.gregtech.ore_brown_limonite_0":1,"stat.useItem.minecraft.stone_slab2":67,"stat.pickup.minecraft.bow":3,"stat.craftItem.morefurnaces.furnaceblock":2,"stat.pickup.actuallyadditions.block_giant_chest":3,"stat.pickup.gregtech.ore_almandine_0":8,"stat.craftItem.minecraft.furnace":10,"stat.pickup.gregtech.ore_coal_0":64,"stat.craftItem.gregtech.wrench":2,"stat.useItem.morefurnaces.furnaceblock":3,"stat.pickup.gregtech.meta_wire_fine":6,"stat.craftItem.gregtech.meta_screw":6,"stat.craftItem.minecraft.iron_boots":1,"stat.pickup.minecraft.anvil":1,"stat.mineBlock.gregtech.ore_magnetite_0":33,"stat.craftItem.minecraft.stone_pickaxe":3,"stat.craftItem.minecraft.cooked_beef":9,"stat.pickup.minecraft.cobblestone":2910,"stat.mineBlock.minecraft.clay":89,"stat.flyOneCm":660672,"stat.pickup.gregtech.meta_plate":16,"stat.pickup.gregtech.ore_sapphire_0":3,"stat.pickup.gregtech.ore_green_sapphire_0":3,"stat.mineBlock.gregtech.rubber_leaves":1,"stat.drop.minecraft.wheat_seeds":3,"stat.breakItem.gregtech.hammer":1,"stat.useItem.minecraft.cooked_beef":9,"stat.craftItem.minecraft.wooden_slab":6,"stat.drop.tombmanygraves.death_list":3,"stat.pickup.gregtech.ore_cinnabar_0":1,"stat.pickup.minecraft.redstone":64,"stat.timeSinceDeath":656388,"stat.pickup.gregtech.ore_talc_0":4,"stat.useItem.gregtech.rubber_sapling":20,"stat.pickup.minecraft.mutton":12,"stat.mineBlock.gregtech.ore_uraninite_0":27,"stat.pickup.thermalexpansion.dynamo":2,"stat.pickup.gregtech.wire_quadruple":4,"stat.mineBlock.gregtech.ore_rock_salt_0":19,"stat.mineBlock.gregtech.ore_green_sapphire_0":3,"stat.pickup.gregtech.rubber_sapling":42,"stat.pickup.gregtech.ore_cobaltite_0":10,"stat.mineBlock.gregtech.ore_granitic_mineral_sand_0":10,"stat.pickup.minecraft.stonebrick":188,"stat.useItem.minecraft.cooked_porkchop":40,"stat.pickup.gregtech.ore_redstone_0":16,"stat.killEntity.Creeper":6,"stat.pickup.minecraft.shield":2,"stat.mineBlock.gregtech.ore_cassiterite_0":32,"stat.pickup.minecraft.string":35,"stat.craftItem.gregtech.meta_stick":76,"stat.pickup.gregtech.hammer":1,"stat.entityKilledBy.Skeleton":2,"stat.craftItem.minecraft.stone_slab2":0,"stat.killEntity.Squid":3,"stat.sprintOneCm":1483973,"stat.pickup.actuallyadditions.item_misc":3,"stat.mineBlock.minecraft.stone_slab":9,"stat.pickup.morefurnaces.furnaceblock":3,"stat.pickup.gregtech.ore_granitic_mineral_sand_0":1,"stat.craftItem.minecraft.stick":100,"stat.craftItem.gregtech.meta_gear":2,"stat.craftItem.thermalexpansion.dynamo":1,"stat.pickup.gregtech.metal_casing":66,"stat.mineBlock.gregtech.ore_oilsands_0":4,"stat.craftItem.gregtech.meta_gear_small":2,"stat.mineBlock.gregtech.ore_redstone_0":17,"stat.mineBlock.minecraft.crafting_table":1,"stat.mineBlock.minecraft.quartz_block":24,"stat.useItem.minecraft.carrot":1,"stat.entityKilledBy.Creeper":1,"stat.useItem.gregtech.mining_hammer":5522,"stat.mineBlock.minecraft.planks":27,"stat.mineBlock.gregtech.ore_brown_limonite_0":171,"stat.craftItem.gregtech.meta_plate":366,"stat.drop":31,"stat.craftItem.actuallyadditions.item_misc":16,"stat.killEntity.Sheep":8,"stat.pickup.minecraft.slime_ball":5,"stat.mineBlock.gregtech.ore_garnierite_0":31,"stat.killEntity.Zombie":34,"stat.diveOneCm":58230,"stat.craftItem.minecraft.slime_ball":78,"stat.mineBlock.gregtech.metal_casing":33,"stat.pickup.gregtech.ore_salt_0":53,"stat.craftItem.minecraft.cooked_porkchop":42,"stat.pickup.gregtech.ore_garnet_sand_0":2,"stat.killEntity.Slime":10,"stat.pickup.gregtech.ore_realgar_0":14,"stat.mineBlock.minecraft.anvil":2,"stat.pickup.minecraft.stone_axe":2,"stat.useItem.minecraft.apple":5,"stat.useItem.minecraft.porkchop":1,"stat.pickup.minecraft.stone_brick_stairs":2,"stat.jump":4112,"stat.breakItem.gregtech.mining_hammer":1,"stat.pickup.minecraft.coal":212,"stat.pickup.minecraft.iron_ingot":67,"stat.useItem.minecraft.stone_axe":141,"stat.mineBlock.nuclearcraft.water_source":1,"stat.pickup.minecraft.gunpowder":4,"stat.pickup.minecraft.spider_eye":14,"stat.craftItem.minecraft.torch":152,"stat.pickup.minecraft.dirt":156,"stat.craftItem.minecraft.iron_helmet":1,"stat.mineBlock.gregtech.ore_pollucite_0":1,"stat.useItem.minecraft.cooked_chicken":4,"stat.craftItem.gregtech.wire_quadruple":4,"stat.mineBlock.minecraft.iron_bars":14,"stat.useItem.minecraft.sapling":26,"stat.craftItem.minecraft.flint_and_steel":1,"stat.pickup.gregtech.wrench":2,"stat.pickup.minecraft.leaves":237,"stat.pickup.gregtech.cable_single":4,"stat.mineBlock.minecraft.glass_pane":2,"stat.damageTaken":5506,"stat.useItem.minecraft.stone_brick_stairs":18,"stat.craftItem.gregtech.planks":116,"stat.mineBlock.minecraft.torch":19,"stat.mineBlock.minecraft.red_flower":1,"stat.mineBlock.minecraft.furnace":3,"stat.pickup.gregtech.ore_rock_salt_0":38,"stat.drop.minecraft.water_bucket":1,"stat.mineBlock.minecraft.sapling":11,"stat.pickup.minecraft.log2":10,"stat.pickup.minecraft.reeds":33,"stat.drop.gregtech.stone_cobble":2,"stat.pickup.minecraft.quartz_block":24,"stat.entityKilledBy.Zombie":3,"stat.pickup.gregtech.rubber_log":100,"stat.damageDealt":27607,"stat.craftItem.minecraft.glass":12,"stat.sleepInBed":4,"stat.killEntity.Cow":10,"stat.useItem.minecraft.crafting_table":1,"stat.killEntity.Pig":40,"stat.pickup.gregtech.ore_pollucite_0":1,"stat.walkOneCm":1568698,"stat.useItem.minecraft.chest":9,"stat.pickup.minecraft.stick":5,"stat.pickup.gregtech.meta_dust_tiny":17,"stat.mineBlock.gregtech.ore_salt_0":55,"stat.pickup.minecraft.clay_ball":346,"stat.craftItem.gregtech.wire_single":92,"stat.pickup.gregtech.ore_bentonite_0":2,"stat.craftItem.gregtech.ore_lithium_0":32,"stat.useItem.minecraft.lava_bucket":12,"stat.mineBlock.gregtech.ore_almandine_0":13,"stat.craftItem.gregtech.wire_cutter":2,"stat.mineBlock.gregtech.ore_spodumene_0":9,"stat.drop.gregtech.mining_hammer":4,"stat.pickup.gregtech.meta_dust":65,"stat.craftItem.minecraft.iron_chestplate":1,"stat.useItem.minecraft.stained_hardened_clay":1,"stat.pickup.minecraft.cooked_beef":10,"stat.mineBlock.gregtech.rubber_log":100,"stat.pickup.minecraft.gold_ingot":24,"stat.mineBlock.gregtech.ore_asbestos_0":26,"stat.craftItem.gregtech.meta_spring_small":1,"stat.killEntity.Skeleton":39,"stat.mineBlock.gregtech.stone_smooth":1688,"stat.mineBlock.minecraft.stonebrick":135,"stat.craftItem.gregtech.meta_bolt":22,"stat.killEntity.Chicken":7,"stat.killEntity.Spider":57,"stat.pickup.gregtech.ore_chalcopyrite_0":105,"stat.mineBlock.dimensionaledibles.custom_cake":1,"stat.mobKills":217,"stat.craftItem.minecraft.shears":1,"stat.mineBlock.gregtech.ore_garnet_sand_0":10,"stat.mineBlock.minecraft.leaves":265,"stat.pickup.minecraft.iron_horse_armor":1,"stat.craftItem.gregtech.meta_dust":325,"stat.pickup.minecraft.torch":89,"stat.mineBlock.minecraft.stone":2775,"stat.craftItem.actuallyadditions.block_giant_chest":1,"stat.useItem.dimensionaledibles.custom_cake":1}