{"stat.useItem.minecraft.bow":10,"stat.pickup.minecraft.bone":25,"stat.pickup.gregtech.ore_cassiterite_sand_0":27,"stat.pickup.gregtech.ore_pitchblende_0":3,"stat.mineBlock.gregtech.ore_zeolite_0":2,"stat.useItem.minecraft.iron_axe":135,"stat.leaveGame":6,"stat.pickup.gregtech.ore_asbestos_0":3,"stat.mineBlock.minecraft.cobblestone":56,"stat.mineBlock.gregtech.ore_galena_0":15,"stat.useItem.gregtech.stone_cobble":37,"stat.pickup.gregtech.ore_gold_0":17,"stat.mineBlock.minecraft.yellow_flower":2,"stat.craftItem.minecraft.iron_axe":2,"stat.mineBlock.gregtech.ore_gypsum_0":3,"stat.craftItem.minecraft.stone_brick_stairs":16,"stat.pickup.minecraft.flower_pot":2,"stat.craftItem.minecraft.wool":5,"stat.mineBlock.gregtech.ore_realgar_0":1,"stat.pickup.gregtech.ore_diatomite_0":16,"stat.craftItem.gregtech.mortar":1,"stat.mineBlock.minecraft.stained_glass":5,"stat.swimOneCm":24379,"stat.pickup.gregtech.ore_nickel_0":10,"stat.climbOneCm":64074,"stat.useItem.minecraft.planks":16,"stat.mineBlock.minecraft.web":6,"stat.drop.minecraft.cobblestone":1,"stat.pickup.minecraft.porkchop":112,"stat.craftItem.gregtech.mining_hammer":1,"stat.pickup.gregtech.ore_lead_0":3,"stat.mineBlock.gregtech.ore_vanadium_magnetite_0":12,"stat.useItem.minecraft.dirt":42,"stat.useItem.minecraft.stone_slab2":35,"stat.pickup.betterquesting.quest_book":4,"stat.pickup.minecraft.bow":1,"stat.pickup.minecraft.iron_boots":1,"stat.drop.minecraft.iron_sword":1,"stat.mineBlock.minecraft.stone_brick_stairs":1,"stat.pickup.gregtech.ore_uraninite_0":17,"stat.pickup.minecraft.rotten_flesh":16,"stat.pickup.gregtech.ore_gypsum_0":3,"stat.pickup.gregtech.ore_almandine_0":54,"stat.craftItem.minecraft.furnace":8,"stat.craftItem.gregtech.wrench":1,"stat.useItem.enderio.item_dark_steel_sword":129,"stat.entityKilledBy.Spider":3,"stat.useItem.minecraft.egg":1,"stat.craftItem.gregtech.meta_screw":1,"stat.mineBlock.gregtech.ore_magnetite_0":59,"stat.pickup.minecraft.cobblestone_wall":5,"stat.craftItem.minecraft.stone_pickaxe":3,"stat.craftItem.minecraft.cooked_beef":3,"stat.pickup.minecraft.cobblestone":2024,"stat.pickup.gregtech.ore_basaltic_mineral_sand_0":3,"stat.pickup.enderio.item_broken_spawner":3,"stat.craftItem.gregtech.axe":1,"stat.craftItem.minecraft.stone_sword":2,"stat.flyOneCm":183556,"stat.mineBlock.gregtech.ore_glauconite_sand_0":4,"stat.pickup.gregtech.meta_plate":6,"stat.pickup.appliedenergistics2.material":3,"stat.pickup.gregtech.ore_sapphire_0":18,"stat.mineBlock.gregtech.rubber_leaves":1,"stat.pickup.gregtech.ore_green_sapphire_0":3,"stat.useItem.minecraft.cooked_beef":1,"stat.drop.tombmanygraves.death_list":6,"stat.mineBlock.gregtech.ore_lepidolite_0":9,"stat.timeSinceDeath":44542,"stat.pickup.gregtech.ore_spodumene_0":4,"stat.pickup.gregtech.ore_talc_0":1,"stat.mineBlock.gregtech.ore_nickel_0":18,"stat.pickup.minecraft.stained_hardened_clay":12,"stat.pickup.minecraft.mutton":8,"stat.pickup.gregtech.stone_cobble":1085,"stat.mineBlock.gregtech.ore_uraninite_0":19,"stat.craftItem.minecraft.bed":3,"stat.pickup.appliedenergistics2.sky_stone_block":89,"stat.mineBlock.gregtech.ore_green_sapphire_0":4,"stat.pickup.gregtech.meta_ingot":33,"stat.pickup.gregtech.rubber_sapling":1,"stat.craftItem.gregtech.saw":1,"stat.mineBlock.gregtech.ore_talc_0":1,"stat.mineBlock.minecraft.vine":4,"stat.pickup.gregtech.ore_cobaltite_0":7,"stat.mineBlock.gregtech.ore_granitic_mineral_sand_0":6,"stat.pickup.gregtech.ore_yellow_limonite_0":29,"stat.pickup.minecraft.stonebrick":323,"stat.pickup.gregtech.ore_glauconite_sand_0":1,"stat.furnaceInteraction":238,"stat.useItem.minecraft.cooked_porkchop":36,"stat.pickup.gregtech.ore_magnetite_0":94,"stat.pickup.gregtech.ore_fullers_earth_0":3,"stat.pickup.actuallyadditions.item_solidified_experience":23,"stat.pickup.minecraft.string":44,"stat.mineBlock.minecraft.ladder":7,"stat.craftItem.gregtech.meta_stick":8,"stat.entityKilledBy.Skeleton":5,"stat.craftItem.minecraft.stone_slab2":0,"stat.mineBlock.gregtech.stone_cobble":1,"stat.sprintOneCm":735545,"stat.pickup.actuallyadditions.item_misc":2,"stat.pickup.minecraft.iron_chestplate":1,"stat.mineBlock.minecraft.stone_slab":15,"stat.pickup.morefurnaces.furnaceblock":1,"stat.pickup.gregtech.ore_granitic_mineral_sand_0":2,"stat.craftItem.minecraft.stick":28,"stat.craftItem.minecraft.wooden_axe":2,"stat.pickup.gregtech.ore_olivine_0":6,"stat.mineBlock.gregtech.ore_banded_iron_0":73,"stat.useItem.minecraft.stone_slab":3,"stat.pickup.gregtech.meta_item_1":15,"stat.craftItem.minecraft.stone":5,"stat.mineBlock.gregtech.ore_diatomite_0":8,"stat.pickup.gregtech.mining_hammer":2,"stat.mineBlock.minecraft.crafting_table":2,"stat.mineBlock.gregtech.ore_redstone_0":30,"stat.craftItem.gregtech.meta_ingot":78,"stat.mineBlock.gregtech.ore_bentonite_0":12,"stat.pickup.gregtech.ore_galena_0":13,"stat.craftItem.gregtech.meta_item_1":6,"stat.useItem.extrautils2.itembuilderswand":88,"stat.useItem.gregtech.mining_hammer":4420,"stat.deaths":11,"stat.mineBlock.minecraft.planks":4,"stat.mineBlock.gregtech.ore_brown_limonite_0":306,"stat.craftItem.gregtech.meta_plate":22,"stat.drop":21,"stat.pickup.minecraft.egg":4,"stat.playOneMinute":310672,"stat.drop.minecraft.string":4,"stat.pickup.gregtech.ore_cassiterite_0":7,"stat.killEntity.Sheep":8,"stat.mineBlock.gregtech.ore_garnierite_0":15,"stat.mineBlock.actuallyadditions.block_wild":1,"stat.killEntity.Zombie":75,"stat.pickup.minecraft.iron_bars":10,"stat.mineBlock.minecraft.tallgrass":93,"stat.craftItem.minecraft.cooked_mutton":4,"stat.diveOneCm":11109,"stat.pickup.gregtech.ore_salt_0":23,"stat.chestOpened":201,"stat.pickup.gregtech.ore_vanadium_magnetite_0":12,"stat.pickup.minecraft.arrow":27,"stat.pickup.minecraft.iron_sword":1,"stat.craftItem.minecraft.cooked_porkchop":66,"stat.pickup.minecraft.stone_axe":1,"stat.useItem.minecraft.apple":5,"stat.mineBlock.appliedenergistics2.sky_stone_block":80,"stat.pickup.tombmanygraves.death_list":3,"stat.craftItem.minecraft.coal":120,"stat.drop.minecraft.apple":1,"stat.pickup.minecraft.stone_brick_stairs":1,"stat.craftItem.gregtech.file":1,"stat.pickup.extrautils2.itembuilderswand":1,"stat.jump":2622,"stat.breakItem.gregtech.mining_hammer":1,"stat.pickup.minecraft.coal":3,"stat.pickup.minecraft.iron_helmet":1,"stat.fallOneCm":50824,"stat.pickup.minecraft.iron_ingot":20,"stat.drop.minecraft.stone_sword":4,"stat.crouchOneCm":43580,"stat.pickup.minecraft.spider_eye":7,"stat.mineBlock.gregtech.ore_malachite_0":24,"stat.craftItem.minecraft.iron_ingot":208,"stat.craftItem.minecraft.chest":3,"stat.pickup.appliedenergistics2.sky_stone_chest":1,"stat.pickup.minecraft.dirt":97,"stat.mineBlock.gregtech.ore_yellow_limonite_0":33,"stat.craftingTableInteraction":75,"stat.mineBlock.gregtech.ore_pitchblende_0":26,"stat.useItem.minecraft.sapling":3,"stat.pickup.actuallyadditions.item_coffee_seed":2,"stat.drop.betterquesting.quest_book":1,"stat.pickup.minecraft.iron_axe":1,"stat.damageTaken":6014,"stat.pickup.minecraft.feather":7,"stat.useItem.minecraft.stone_brick_stairs":13,"stat.pickup.gregtech.ore_lepidolite_0":8,"stat.mineBlock.minecraft.torch":35,"stat.mineBlock.gregtech.ore_cinnabar_0":1,"stat.pickup.gregtech.ore_pyrope_0":4,"stat.useItem.minecraft.furnace":7,"stat.pickup.minecraft.planks":26,"stat.pickup.minecraft.iron_leggings":1,"stat.pickup.gregtech.ore_malachite_0":20,"stat.craftItem.gregtech.hammer":2,"stat.pickup.minecraft.wheat_seeds":21,"stat.pickup.gregtech.ore_banded_iron_0":66,"stat.entityKilledBy.Zombie":1,"stat.useItem.minecraft.stone_pickaxe":397,"stat.mineBlock.minecraft.glass":1,"stat.useItem.minecraft.stone_sword":98,"stat.mineBlock.gregtech.ore_cobaltite_0":14,"stat.pickup.gregtech.rubber_log":7,"stat.mineBlock.gregtech.ore_pyrope_0":3,"stat.damageDealt":22628,"stat.sleepInBed":3,"stat.mineBlock.minecraft.dirt":70,"stat.killEntity.Pig":55,"stat.craftItem.minecraft.iron_sword":3,"stat.drop.minecraft.iron_axe":1,"stat.walkOneCm":1270589,"stat.useItem.minecraft.torch":75,"stat.playerKills":2,"stat.useItem.minecraft.chest":1,"stat.pickup.gregtech.ore_silver_0":11,"stat.craftItem.gregtech.screwdriver":1,"stat.useItem.minecraft.log":3,"stat.pickup.minecraft.crafting_table":2,"stat.mineBlock.gregtech.ore_salt_0":24,"stat.useItem.minecraft.cobblestone":935,"stat.craftItem.minecraft.crafting_table":2,"stat.mineBlock.minecraft.double_plant":6,"stat.pickup.gregtech.ore_bentonite_0":5,"stat.mineBlock.gregtech.ore_pentlandite_0":7,"stat.mineBlock.gregtech.ore_almandine_0":62,"stat.craftItem.gregtech.wire_cutter":1,"stat.pickup.minecraft.log":154,"stat.mineBlock.appliedenergistics2.sky_stone_chest":1,"stat.mineBlock.gregtech.ore_olivine_0":7,"stat.mineBlock.gregtech.ore_spodumene_0":4,"stat.pickup.gregtech.meta_dust":45,"stat.mineBlock.gregtech.ore_ruby_0":7,"stat.mineBlock.gregtech.ore_fullers_earth_0":3,"stat.craftItem.minecraft.gold_ingot":17,"stat.mineBlock.gregtech.ore_basaltic_mineral_sand_0":3,"stat.pickup.minecraft.chicken":7,"stat.pickup.minecraft.sapling":43,"stat.mineBlock.gregtech.ore_sapphire_0":20,"stat.pickup.minecraft.apple":7,"stat.pickup.minecraft.ladder":12,"stat.pickup.actuallyadditions.item_coffee_beans":2,"stat.mineBlock.gregtech.rubber_log":7,"stat.mineBlock.gregtech.ore_asbestos_0":1,"stat.killEntity.Skeleton":11,"stat.pickup.gregtech.ore_brown_limonite_0":286,"stat.mineBlock.gregtech.stone_smooth":1163,"stat.craftItem.minecraft.bucket":2,"stat.mineBlock.minecraft.stonebrick":333,"stat.craftItem.gregtech.meta_bolt":2,"stat.mineBlock.gregtech.ore_magnesite_0":1,"stat.craftItem.minecraft.planks":88,"stat.useItem.minecraft.iron_sword":414,"stat.killEntity.Chicken":7,"stat.pickup.gregtech.ore_pentlandite_0":6,"stat.killEntity.Spider":13,"stat.mineBlock.gregtech.ore_silver_0":14,"stat.mineBlock.gregtech.ore_gold_0":20,"stat.pickup.minecraft.stone_sword":4,"stat.mineBlock.morefurnaces.furnaceblock":1,"stat.mineBlock.gregtech.ore_lead_0":3,"stat.mobKills":177,"stat.useItem.minecraft.stonebrick":113,"stat.mineBlock.minecraft.log":154,"stat.drop.nuclearcraft.water_source":1,"stat.pickup.gregtech.ore_garnierite_0":4,"stat.pickup.minecraft.iron_door":1,"stat.mineBlock.minecraft.leaves":78,"stat.craftItem.nuclearcraft.water_source":1,"stat.pickup.minecraft.torch":130,"stat.sneakTime":11747,"stat.pickup.minecraft.wool":8,"stat.mineBlock.minecraft.cobblestone_wall":6,"stat.drop.minecraft.arrow":1,"stat.useItem.minecraft.wooden_axe":98,"stat.mineBlock.gregtech.ore_cassiterite_sand_0":29,"stat.pickup.minecraft.stone_slab":5,"stat.pickup.minecraft.yellow_flower":2,"stat.mineBlock.minecraft.stone":2207}