{"stat.leaveGame":11,"stat.pickup.gregtech.ore_gold_0":48,"stat.useItem.gregtech.wrench":39,"stat.drop.minecraft.redstone":64,"stat.mineBlock.minecraft.stained_glass":2,"stat.craftItem.minecraft.shield":2,"stat.mineBlock.minecraft.web":1,"stat.pickup.gregtech.ore_tin_0":29,"stat.craftItem.gregtech.metal_casing":33,"stat.pickup.gregtech.ore_lead_0":18,"stat.craftItem.enderio.item_liquid_conduit":4,"stat.pickup.betterquesting.quest_book":1,"stat.pickup.gregtech.ore_uraninite_0":50,"stat.pickup.minecraft.rotten_flesh":25,"stat.craftItem.minecraft.stone_axe":1,"stat.pickup.minecraft.cobblestone_wall":1,"stat.pickup.enderio.item_broken_spawner":2,"stat.craftItem.minecraft.iron_shovel":1,"stat.killEntity.Witch":1,"stat.mineBlock.gregtech.ore_lepidolite_0":4,"stat.drop.minecraft.gold_ingot":24,"stat.pickup.gregtech.screwdriver":3,"stat.mineBlock.darkutils.timer":1,"stat.useItem.minecraft.iron_pickaxe":250,"stat.pickup.minecraft.stained_hardened_clay":27,"stat.pickup.gregtech.stone_cobble":528,"stat.useItem.minecraft.iron_shovel":155,"stat.drop.extrautils2.itembuilderswand":2,"stat.useItem.actuallyadditions.block_giant_chest":3,"stat.craftItem.gregtech.cable_single":19,"stat.craftItem.minecraft.glass_pane":32,"stat.pickup.gregtech.item_pipe_small":8,"stat.craftItem.thermalfoundation.tool.excavator_iron":4,"stat.mineBlock.minecraft.vine":1,"stat.mineBlock.minecraft.hopper":1,"stat.furnaceInteraction":476,"stat.killEntity.ZombieVillager":1,"stat.craftItem.gregtech.item_pipe_small":11,"stat.drop.gregtech.machine":1,"stat.pickup.gregtech.ore_magnetite_0":43,"stat.craftItem.extrautils2.decorativesolidwood":2,"stat.pickup.minecraft.beef":157,"stat.breakItem.gregtech.mortar":1,"stat.mineBlock.minecraft.stained_hardened_clay":25,"stat.mineBlock.gregtech.ore_banded_iron_0":96,"stat.mineBlock.thermalexpansion.dynamo":6,"stat.useItem.minecraft.wheat_seeds":48,"stat.pickup.gregtech.meta_stick":11,"stat.mineBlock.snad.snad":12,"stat.useItem.minecraft.dye":197,"stat.deaths":6,"stat.pickup.minecraft.egg":3,"stat.pickup.gregtech.ore_cassiterite_0":7,"stat.pickup.enderio.item_liquid_conduit":4,"stat.craftItem.minecraft.iron_pickaxe":1,"stat.mineBlock.minecraft.tallgrass":194,"stat.craftItem.minecraft.cooked_mutton":12,"stat.craftItem.toolbelt.pouch":6,"stat.pickup.gregtech.ore_vanadium_magnetite_0":3,"stat.chestOpened":653,"stat.useItem.minecraft.stone":12,"stat.pickup.minecraft.arrow":38,"stat.drop.gregtech.meta_plate":8,"stat.useItem.snad.snad":18,"stat.craftItem.minecraft.coal":1063,"stat.craftItem.gregtech.file":2,"stat.pickup.minecraft.carrot":3,"stat.mineBlock.gregtech.ore_sodalite_0":1,"stat.drop.minecraft.stone_sword":1,"stat.crouchOneCm":15323,"stat.pickup.minecraft.rail":28,"stat.craftItem.minecraft.diamond":4,"stat.mineBlock.gregtech.ore_malachite_0":87,"stat.craftItem.minecraft.iron_ingot":855,"stat.craftItem.minecraft.hopper":1,"stat.craftingTableInteraction":253,"stat.mineBlock.gregtech.ore_pitchblende_0":1,"stat.craftItem.thermalexpansion.satchel":2,"stat.mineBlock.minecraft.log2":11,"stat.pickup.gregtech.ore_pyrope_0":52,"stat.useItem.minecraft.reeds":80,"stat.craftItem.enderio.item_power_conduit":3,"stat.pickup.minecraft.dye":5,"stat.pickup.minecraft.planks":112,"stat.craftItem.gregtech.hammer":2,"stat.pickup.minecraft.wheat_seeds":273,"stat.mineBlock.minecraft.glass":2,"stat.mineBlock.gregtech.ore_pyrope_0":52,"stat.mineBlock.gregtech.ore_cobaltite_0":48,"stat.mineBlock.minecraft.dirt":169,"stat.pickup.gregtech.wire_single":66,"stat.useItem.minecraft.bread":5,"stat.useItem.minecraft.cobblestone":625,"stat.mineBlock.minecraft.double_plant":4,"stat.useItem.toolbelt.belt":1,"stat.pickup.minecraft.iron_pickaxe":1,"stat.craftItem.minecraft.gold_ingot":58,"stat.drop.minecraft.sapling":1,"stat.pickup.minecraft.hopper":1,"stat.mineBlock.gregtech.ore_sapphire_0":40,"stat.pickup.minecraft.apple":24,"stat.craftItem.minecraft.bucket":4,"stat.craftItem.minecraft.planks":792,"stat.useItem.minecraft.iron_sword":245,"stat.useItem.gregtech.axe":647,"stat.pickup.gregtech.ore_pentlandite_0":26,"stat.mineBlock.gregtech.ore_gold_0":47,"stat.pickup.minecraft.stone_sword":4,"stat.mineBlock.morefurnaces.furnaceblock":4,"stat.mineBlock.gregtech.ore_lead_0":19,"stat.pickup.minecraft.book":64,"stat.useItem.minecraft.stonebrick":77,"stat.mineBlock.minecraft.log":546,"stat.craftItem.minecraft.paper":45,"stat.pickup.gregtech.mortar":2,"stat.craftItem.nuclearcraft.water_source":1,"stat.pickup.minecraft.red_flower":2,"stat.useItem.gregtech.machine":9,"stat.craftItem.extrautils2.itembuilderswand":1,"stat.craftItem.storagedrawers.basicdrawers":67,"stat.useItem.minecraft.iron_axe":44,"stat.craftItem.contenttweaker.omnicoin5":5,"stat.mineBlock.minecraft.cobblestone":160,"stat.pickup.minecraft.stone_pickaxe":2,"stat.pickup.minecraft.flint":5,"stat.mineBlock.minecraft.yellow_flower":1,"stat.craftItem.gregtech.meta_wire_fine":9,"stat.craftItem.minecraft.wool":1,"stat.mineBlock.minecraft.stained_glass_pane":2,"stat.craftItem.gregtech.mortar":2,"stat.craftItem.minecraft.clock":1,"stat.pickup.enderio.item_dark_steel_sword":1,"stat.craftItem.thermalexpansion.augment":2,"stat.drop.minecraft.cobblestone":42,"stat.pickup.minecraft.cooked_porkchop":62,"stat.useItem.minecraft.stone_slab2":108,"stat.pickup.minecraft.bow":2,"stat.craftItem.morefurnaces.furnaceblock":8,"stat.pickup.actuallyadditions.block_giant_chest":1,"stat.breakItem.gregtech.wire_cutter":1,"stat.pickup.gregtech.ore_almandine_0":55,"stat.craftItem.minecraft.furnace":6,"stat.useItem.morefurnaces.furnaceblock":4,"stat.craftItem.minecraft.iron_boots":2,"stat.mineBlock.gregtech.ore_magnetite_0":41,"stat.craftItem.minecraft.cooked_beef":84,"stat.mineBlock.minecraft.obsidian":18,"stat.mineBlock.minecraft.clay":33,"stat.flyOneCm":1553683,"stat.pickup.gregtech.ore_green_sapphire_0":10,"stat.timeSinceDeath":863291,"stat.craftItem.minecraft.spawn_egg":2,"stat.mineBlock.gregtech.ore_uraninite_0":33,"stat.pickup.thermalexpansion.dynamo":7,"stat.craftItem.minecraft.stonebrick":80,"stat.mineBlock.gregtech.ore_green_sapphire_0":10,"stat.pickup.gregtech.ore_cobaltite_0":47,"stat.mineBlock.gregtech.ore_granitic_mineral_sand_0":2,"stat.killEntity.Creeper":4,"stat.pickup.minecraft.shield":2,"stat.mineBlock.gregtech.ore_cassiterite_0":7,"stat.pickup.minecraft.string":34,"stat.mineBlock.minecraft.ladder":1,"stat.pickup.gregtech.hammer":3,"stat.entityKilledBy.Skeleton":1,"stat.killEntity.Squid":2,"stat.sprintOneCm":3097806,"stat.craftItem.gregtech.ore_diamond_0":32,"stat.useItem.enderio.item_power_conduit":12,"stat.pickup.gregtech.ore_galena_0":86,"stat.craftItem.storagedrawers.trim":8,"stat.useItem.gregtech.mining_hammer":8462,"stat.pickup.gregtech.ore_sodalite_0":1,"stat.craftItem.gregtech.cable_quadruple":5,"stat.mineBlock.gregtech.ore_garnierite_0":15,"stat.killEntity.Zombie":22,"stat.craftItem.minecraft.dye":219,"stat.diveOneCm":40758,"stat.craftItem.minecraft.slime_ball":14,"stat.pickup.minecraft.wheat":306,"stat.pickup.storagedrawers.basicdrawers":4,"stat.craftItem.openglider.hang_glider_basic":2,"stat.craftItem.minecraft.cooked_porkchop":71,"stat.pickup.minecraft.obsidian":18,"stat.pickup.tombmanygraves.death_list":2,"stat.useItem.minecraft.rotten_flesh":4,"stat.pickup.extrautils2.itembuilderswand":1,"stat.jump":5601,"stat.useItem.minecraft.sand":1,"stat.pickup.minecraft.coal":190,"stat.pickup.minecraft.iron_ingot":151,"stat.mineBlock.minecraft.observer":2,"stat.mineBlock.nuclearcraft.water_source":6,"stat.pickup.minecraft.gunpowder":5,"stat.craftItem.minecraft.torch":640,"stat.pickup.minecraft.dirt":145,"stat.useItem.minecraft.glass":62,"stat.craftItem.gregtech.wire_quadruple":10,"stat.useItem.minecraft.sapling":29,"stat.pickup.gregtech.cable_single":5,"stat.damageTaken":6194,"stat.useItem.minecraft.stone_brick_stairs":20,"stat.craftItem.gregtech.planks":8,"stat.mineBlock.minecraft.torch":8,"stat.craftItem.contenttweaker.pulsatingdust":51,"stat.mineBlock.minecraft.red_flower":1,"stat.mineBlock.minecraft.sapling":3,"stat.pickup.minecraft.log2":11,"stat.entityKilledBy.ZombieVillager":1,"stat.drop.enderio.item_dark_steel_sword":1,"stat.craftItem.extrautils2.compressedsand":207,"stat.craftItem.darkutils.timer":1,"stat.craftItem.openglider.hang_glider_part":6,"stat.animalsBred":115,"stat.useItem.minecraft.chest":9,"stat.useItem.minecraft.observer":9,"stat.useItem.actuallyadditions.item_worm":1,"stat.mineBlock.gregtech.ore_almandine_0":55,"stat.drop.gregtech.mining_hammer":2,"stat.mineBlock.gregtech.ore_ruby_0":8,"stat.mineBlock.gregtech.ore_basaltic_mineral_sand_0":8,"stat.drop.toolbelt.pouch":1,"stat.craftItem.minecraft.iron_chestplate":2,"stat.useItem.minecraft.stained_hardened_clay":17,"stat.pickup.minecraft.ladder":2,"stat.mineBlock.gregtech.ore_asbestos_0":2,"stat.craftItem.minecraft.bookshelf":2,"stat.mineBlock.minecraft.stonebrick":615,"stat.mobKills":171,"stat.mineBlock.minecraft.bookshelf":18,"stat.useItem.minecraft.cobblestone_wall":19,"stat.pickup.minecraft.torch":24,"stat.mineBlock.gregtech.ore_coal_0":635,"stat.pickup.gregtech.ore_pitchblende_0":1,"stat.mineBlock.storagedrawers.basicdrawers":4,"stat.craftItem.simplyjetpacks.metaitem":8,"stat.craftItem.minecraft.iron_axe":1,"stat.pickup.gregtech.ore_nickel_0":221,"stat.useItem.minecraft.planks":48,"stat.pickup.minecraft.porkchop":28,"stat.pickup.minecraft.glass":10,"stat.craftItem.gregtech.mining_hammer":3,"stat.mineBlock.gregtech.ore_vanadium_magnetite_0":2,"stat.pickup.darkutils.timer":1,"stat.useItem.minecraft.water_bucket":18,"stat.mineBlock.minecraft.stone_brick_stairs":2,"stat.pickup.minecraft.sand":1864,"stat.useItem.enderio.item_dark_steel_sword":88,"stat.entityKilledBy.Spider":1,"stat.craftItem.actuallyadditions.block_misc":4,"stat.pickup.nuclearcraft.water_source":7,"stat.pickup.minecraft.observer":2,"stat.craftItem.minecraft.cobblestone_wall":48,"stat.craftItem.gregtech.axe":1,"stat.craftItem.minecraft.stone_sword":1,"stat.mineBlock.minecraft.sand":1969,"stat.craftItem.contenttweaker.excitationcoil":1,"stat.pickup.gregtech.ore_spodumene_0":13,"stat.hopperInspected":1,"stat.mineBlock.gregtech.ore_nickel_0":222,"stat.useItem.minecraft.spawn_egg":1,"stat.pickup.actuallyadditions.item_worm":4,"stat.pickup.gregtech.meta_ingot":213,"stat.craftItem.gregtech.saw":2,"stat.craftItem.gregtech.machine":8,"stat.drop.gregtech.meta_ingot":147,"stat.craftItem.enderio.item_material":72,"stat.pickup.gregtech.ore_yellow_limonite_0":409,"stat.craftItem.minecraft.observer":10,"stat.pickup.actuallyadditions.item_solidified_experience":17,"stat.pickup.gregtech.file":1,"stat.craftItem.thermalfoundation.material":9,"stat.pickup.minecraft.furnace":19,"stat.useItem.minecraft.redstone":21,"stat.pickup.minecraft.skull":2,"stat.useItem.gregtech.item_pipe_small":15,"stat.pickup.gregtech.meta_item_1":124,"stat.pickup.gregtech.mining_hammer":2,"stat.pickup.gregtech.ore_ruby_0":20,"stat.craftItem.gregtech.meta_ingot":1196,"stat.mineBlock.gregtech.ore_bentonite_0":1,"stat.mineBlock.actuallyadditions.block_giant_chest":1,"stat.craftItem.gregtech.meta_item_1":287,"stat.craftItem.gregtech.meta_foil":11,"stat.playOneMinute":940223,"stat.drop.minecraft.chest":1,"stat.pickup.minecraft.iron_bars":1,"stat.craftItem.storagedrawers.framingtable":1,"stat.pickup.contenttweaker.omnicoin5":1,"stat.pickup.gregtech.ore_zeolite_0":1,"stat.craftItem.snad.snad":10,"stat.craftItem.minecraft.iron_hoe":1,"stat.fallOneCm":129566,"stat.pickup.gregtech.machine":26,"stat.craftItem.minecraft.chest":104,"stat.useItem.minecraft.iron_hoe":50,"stat.mineBlock.gregtech.ore_yellow_limonite_0":346,"stat.mineBlock.gregtech.machine":22,"stat.pickup.gregtech.ore_lepidolite_0":4,"stat.mineBlock.gregtech.ore_cinnabar_0":4,"stat.useItem.minecraft.furnace":2,"stat.drop.gregtech.meta_item_1":23,"stat.pickup.gregtech.ore_malachite_0":110,"stat.pickup.gregtech.saw":1,"stat.pickup.gregtech.ore_banded_iron_0":131,"stat.mineBlock.minecraft.gravel":48,"stat.useItem.minecraft.stone_pickaxe":51,"stat.mineBlock.gregtech.ore_tin_0":29,"stat.useItem.minecraft.stone_sword":41,"stat.craftItem.minecraft.iron_leggings":2,"stat.useItem.minecraft.torch":431,"stat.pickup.gregtech.ore_silver_0":22,"stat.pickup.gregtech.wire_cutter":2,"stat.pickup.minecraft.crafting_table":1,"stat.craftItem.minecraft.crafting_table":9,"stat.mineBlock.gregtech.ore_pentlandite_0":26,"stat.pickup.minecraft.log":531,"stat.mineBlock.gregtech.ore_fullers_earth_0":3,"stat.pickup.minecraft.web":1,"stat.craftItem.gregtech.machine_casing":1,"stat.pickup.minecraft.sapling":250,"stat.pickup.gregtech.ore_brown_limonite_0":232,"stat.craftItem.toolbelt.belt":2,"stat.drop.enderio.item_liquid_conduit":4,"stat.mineBlock.gregtech.ore_silver_0":23,"stat.craftItem.minecraft.cooked_chicken":3,"stat.pickup.gregtech.ore_garnierite_0":15,"stat.sneakTime":10235,"stat.mineBlock.minecraft.cobblestone_wall":1,"stat.pickup.minecraft.stone_slab":26,"stat.pickup.minecraft.golden_rail":1,"stat.pickup.minecraft.chest":1,"stat.drop.minecraft.stone_pickaxe":1,"stat.pickup.minecraft.bone":33,"stat.pickup.minecraft.redstone_torch":2,"stat.pickup.gregtech.ore_asbestos_0":2,"stat.mineBlock.gregtech.ore_galena_0":93,"stat.useItem.gregtech.stone_cobble":5,"stat.mineBlock.gregtech.ore_gypsum_0":1,"stat.craftItem.minecraft.stone_brick_stairs":20,"stat.drop.gregtech.wrench":1,"stat.swimOneCm":75001,"stat.climbOneCm":59548,"stat.useItem.minecraft.dirt":74,"stat.pickup.gregtech.ore_coal_0":626,"stat.craftItem.gregtech.wrench":2,"stat.pickup.gregtech.meta_wire_fine":4,"stat.craftItem.gregtech.meta_screw":3,"stat.pickup.minecraft.anvil":1,"stat.drop.toolbelt.belt":1,"stat.craftItem.minecraft.quartz":96,"stat.craftItem.minecraft.stone_pickaxe":1,"stat.pickup.minecraft.cobblestone":4318,"stat.mineBlock.gregtech.ore_glauconite_sand_0":1,"stat.pickup.gregtech.meta_plate":61,"stat.pickup.gregtech.ore_sapphire_0":40,"stat.breakItem.gregtech.hammer":1,"stat.useItem.gregtech.ore_ruby_0":3,"stat.craftItem.minecraft.wooden_slab":12,"stat.useItem.minecraft.cooked_beef":8,"stat.pickup.minecraft.redstone":58,"stat.useItem.gregtech.rubber_sapling":24,"stat.drop.openglider.hang_glider_basic":1,"stat.pickup.gregtech.wire_quadruple":4,"stat.mineBlock.gregtech.ore_rock_salt_0":7,"stat.pickup.gregtech.rubber_sapling":47,"stat.pickup.minecraft.stonebrick":624,"stat.drop.minecraft.dirt":3,"stat.useItem.minecraft.cooked_porkchop":79,"stat.pickup.gregtech.ore_redstone_0":62,"stat.drop.thermalexpansion.satchel":1,"stat.pickup.gregtech.meta_foil":15,"stat.craftItem.gregtech.meta_stick":62,"stat.craftItem.minecraft.brick_block":17,"stat.craftItem.minecraft.stone_slab2":0,"stat.pickup.actuallyadditions.item_misc":2,"stat.pickup.minecraft.paper":61,"stat.pickup.morefurnaces.furnaceblock":4,"stat.craftItem.minecraft.stick":392,"stat.craftItem.gregtech.meta_gear":2,"stat.craftItem.thermalexpansion.dynamo":1,"stat.craftItem.minecraft.stone":133,"stat.craftItem.gregtech.meta_gear_small":1,"stat.mineBlock.minecraft.crafting_table":1,"stat.mineBlock.gregtech.ore_redstone_0":62,"stat.useItem.extrautils2.itembuilderswand":23,"stat.mineBlock.gregtech.ore_brown_limonite_0":149,"stat.mineBlock.minecraft.planks":3,"stat.craftItem.gregtech.meta_plate":315,"stat.drop":36,"stat.craftItem.actuallyadditions.item_misc":8,"stat.pickup.minecraft.slime_ball":7,"stat.craftItem.minecraft.clay":21,"stat.pickup.gregtech.ore_salt_0":7,"stat.craftItem.minecraft.piston":10,"stat.pickup.minecraft.gravel":43,"stat.pickup.gregtech.ore_realgar_0":1,"stat.pickup.minecraft.stone_brick_stairs":2,"stat.pickup.minecraft.brick":12,"stat.useItem.storagedrawers.basicdrawers":2,"stat.breakItem.gregtech.mining_hammer":1,"stat.pickup.enderio.item_power_conduit":12,"stat.useItem.minecraft.stone_axe":32,"stat.useItem.minecraft.piston":9,"stat.craftItem.minecraft.bread":9,"stat.pickup.minecraft.spider_eye":10,"stat.craftItem.minecraft.iron_helmet":2,"stat.useItem.minecraft.cooked_chicken":3,"stat.mineBlock.minecraft.iron_bars":26,"stat.pickup.gregtech.wrench":2,"stat.pickup.minecraft.leather":77,"stat.mineBlock.minecraft.furnace":16,"stat.pickup.gregtech.ore_rock_salt_0":7,"stat.pickup.minecraft.reeds":4002,"stat.pickup.gregtech.rubber_log":102,"stat.damageDealt":21645,"stat.craftItem.minecraft.glass":117,"stat.sleepInBed":6,"stat.pickup.snad.snad":12,"stat.killEntity.Cow":82,"stat.killEntity.Pig":17,"stat.craftItem.minecraft.iron_sword":1,"stat.pickup.minecraft.piston":2,"stat.walkOneCm":1599978,"stat.playerKills":1,"stat.pickup.minecraft.stick":27,"stat.craftItem.gregtech.screwdriver":3,"stat.mineBlock.gregtech.ore_salt_0":7,"stat.pickup.minecraft.clay_ball":160,"stat.craftItem.gregtech.wire_single":57,"stat.craftItem.gregtech.ore_lithium_0":32,"stat.craftItem.gregtech.wire_cutter":3,"stat.mineBlock.gregtech.ore_spodumene_0":4,"stat.pickup.gregtech.meta_dust":98,"stat.pickup.minecraft.stone":3,"stat.craftItem.contenttweaker.omnicoin25":4,"stat.craftItem.minecraft.redstone":875,"stat.mineBlock.gregtech.rubber_log":102,"stat.pickup.minecraft.gold_ingot":21,"stat.killEntity.Skeleton":14,"stat.mineBlock.gregtech.stone_smooth":807,"stat.craftItem.gregtech.meta_bolt":14,"stat.killEntity.Spider":26,"stat.pickup.minecraft.water_bucket":2,"stat.mineBlock.minecraft.leaves":56,"stat.craftItem.gregtech.meta_dust":611,"stat.mineBlock.minecraft.piston":2,"stat.craftItem.minecraft.brick":58,"stat.mineBlock.minecraft.stone":4839,"stat.craftItem.actuallyadditions.block_giant_chest":4,"stat.useItem.thermalfoundation.tool.excavator_iron":371}