{"stat.useItem.minecraft.quartz_block":29,"stat.leaveGame":15,"stat.pickup.gregtech.ore_gold_0":77,"stat.useItem.gregtech.wrench":39,"stat.drop.minecraft.redstone":64,"stat.pickup.thermalexpansion.capacitor":1,"stat.mineBlock.minecraft.sandstone":18,"stat.mineBlock.minecraft.stained_glass":6,"stat.craftItem.minecraft.shield":2,"stat.mineBlock.minecraft.web":1,"stat.pickup.gregtech.ore_tin_0":29,"stat.craftItem.gregtech.metal_casing":33,"stat.pickup.gregtech.ore_lead_0":79,"stat.craftItem.enderio.item_liquid_conduit":4,"stat.pickup.betterquesting.quest_book":1,"stat.pickup.gregtech.ore_uraninite_0":65,"stat.pickup.minecraft.rotten_flesh":34,"stat.craftItem.minecraft.stone_axe":1,"stat.pickup.minecraft.cobblestone_wall":1,"stat.pickup.enderio.item_broken_spawner":6,"stat.craftItem.minecraft.iron_shovel":1,"stat.killEntity.Witch":2,"stat.mineBlock.gregtech.ore_lepidolite_0":4,"stat.drop.minecraft.gold_ingot":24,"stat.craftItem.gregtech.meta_tool_head_drill":1,"stat.pickup.gregtech.screwdriver":3,"stat.mineBlock.darkutils.timer":1,"stat.useItem.minecraft.iron_pickaxe":250,"stat.pickup.minecraft.stained_hardened_clay":41,"stat.pickup.architecturecraft.sawbench":1,"stat.pickup.gregtech.stone_cobble":583,"stat.useItem.minecraft.iron_shovel":155,"stat.drop.extrautils2.itembuilderswand":2,"stat.useItem.actuallyadditions.block_giant_chest":19,"stat.craftItem.gregtech.cable_single":40,"stat.craftItem.minecraft.glass_pane":112,"stat.pickup.gregtech.item_pipe_small":8,"stat.craftItem.thermalfoundation.tool.excavator_iron":4,"stat.mineBlock.minecraft.vine":2,"stat.mineBlock.minecraft.hopper":1,"stat.furnaceInteraction":483,"stat.craftItem.simplyjetpacks.itemjetpack":1,"stat.killEntity.ZombieVillager":1,"stat.craftItem.gregtech.item_pipe_small":11,"stat.drop.gregtech.machine":1,"stat.pickup.gregtech.ore_magnetite_0":156,"stat.pickup.gregtech.ore_fullers_earth_0":4,"stat.craftItem.extrautils2.decorativesolidwood":2,"stat.pickup.minecraft.beef":159,"stat.breakItem.gregtech.mortar":1,"stat.useItem.gregtech.ore_rock_salt_0":1,"stat.mineBlock.minecraft.stained_hardened_clay":41,"stat.mineBlock.gregtech.ore_banded_iron_0":128,"stat.pickup.gregtech.ore_copper_0":4,"stat.mineBlock.thermalexpansion.dynamo":6,"stat.useItem.minecraft.wheat_seeds":48,"stat.pickup.gregtech.meta_stick":12,"stat.mineBlock.snad.snad":12,"stat.useItem.minecraft.dye":216,"stat.deaths":6,"stat.pickup.minecraft.egg":4,"stat.pickup.gregtech.ore_cassiterite_0":7,"stat.pickup.enderio.item_liquid_conduit":4,"stat.craftItem.minecraft.iron_pickaxe":1,"stat.drop.minecraft.iron_ingot":1,"stat.mineBlock.minecraft.tallgrass":197,"stat.craftItem.minecraft.cooked_mutton":12,"stat.craftItem.toolbelt.pouch":6,"stat.craftItem.gregtech.drill_lv":1,"stat.pickup.gregtech.ore_vanadium_magnetite_0":25,"stat.chestOpened":836,"stat.useItem.minecraft.stone":12,"stat.pickup.minecraft.arrow":39,"stat.craftItem.minecraft.quartz_block":21,"stat.drop.gregtech.meta_plate":8,"stat.useItem.snad.snad":18,"stat.craftItem.minecraft.coal":1759,"stat.craftItem.gregtech.file":3,"stat.pickup.minecraft.carrot":3,"stat.mineBlock.gregtech.ore_sodalite_0":1,"stat.drop.minecraft.stone_sword":1,"stat.crouchOneCm":25075,"stat.pickup.minecraft.rail":28,"stat.craftItem.minecraft.diamond":4,"stat.mineBlock.gregtech.ore_malachite_0":111,"stat.craftItem.minecraft.iron_ingot":1466,"stat.craftItem.minecraft.hopper":1,"stat.craftingTableInteraction":315,"stat.mineBlock.gregtech.ore_pitchblende_0":1,"stat.craftItem.thermalexpansion.satchel":2,"stat.mineBlock.minecraft.log2":11,"stat.pickup.gregtech.ore_pyrope_0":52,"stat.useItem.minecraft.reeds":80,"stat.craftItem.enderio.item_power_conduit":3,"stat.pickup.minecraft.dye":5,"stat.pickup.minecraft.planks":112,"stat.craftItem.gregtech.hammer":3,"stat.pickup.minecraft.wheat_seeds":342,"stat.mineBlock.minecraft.glass":4,"stat.mineBlock.gregtech.ore_pyrope_0":52,"stat.mineBlock.gregtech.ore_cobaltite_0":72,"stat.mineBlock.minecraft.dirt":539,"stat.pickup.gregtech.wire_single":66,"stat.useItem.minecraft.bread":5,"stat.pickup.minecraft.brewing_stand":2,"stat.useItem.minecraft.cobblestone":678,"stat.mineBlock.minecraft.double_plant":4,"stat.useItem.toolbelt.belt":1,"stat.pickup.minecraft.iron_pickaxe":1,"stat.craftItem.minecraft.gold_ingot":143,"stat.drop.minecraft.sapling":1,"stat.pickup.minecraft.hopper":1,"stat.useItem.gregtech.ore_silver_0":1,"stat.craftItem.chisel.chisel_iron":2,"stat.mineBlock.chisel.stonebrick2":4,"stat.mineBlock.gregtech.ore_sapphire_0":40,"stat.pickup.minecraft.apple":24,"stat.craftItem.minecraft.bucket":4,"stat.craftItem.minecraft.planks":840,"stat.useItem.minecraft.iron_sword":245,"stat.useItem.gregtech.axe":649,"stat.pickup.gregtech.ore_pentlandite_0":35,"stat.mineBlock.gregtech.ore_gold_0":64,"stat.pickup.minecraft.stone_sword":4,"stat.mineBlock.morefurnaces.furnaceblock":4,"stat.mineBlock.gregtech.ore_lead_0":43,"stat.pickup.minecraft.book":119,"stat.useItem.minecraft.stonebrick":89,"stat.mineBlock.minecraft.log":551,"stat.craftItem.minecraft.paper":45,"stat.pickup.gregtech.mortar":2,"stat.craftItem.nuclearcraft.water_source":1,"stat.pickup.minecraft.red_flower":7,"stat.useItem.gregtech.machine":10,"stat.craftItem.extrautils2.itembuilderswand":1,"stat.craftItem.storagedrawers.basicdrawers":67,"stat.useItem.minecraft.iron_axe":44,"stat.craftItem.contenttweaker.omnicoin5":5,"stat.mineBlock.minecraft.cobblestone":217,"stat.pickup.minecraft.stone_pickaxe":2,"stat.pickup.minecraft.flint":5,"stat.mineBlock.minecraft.yellow_flower":4,"stat.craftItem.simplyjetpacks.metaitemmods":2,"stat.craftItem.gregtech.meta_wire_fine":27,"stat.craftItem.minecraft.wool":1,"stat.mineBlock.minecraft.stained_glass_pane":4,"stat.craftItem.gregtech.mortar":3,"stat.craftItem.minecraft.clock":1,"stat.pickup.enderio.item_dark_steel_sword":2,"stat.craftItem.thermalexpansion.augment":2,"stat.mineBlock.chisel.cobblestone2":17,"stat.mineBlock.chisel.cobblestone1":4,"stat.drop.minecraft.cobblestone":42,"stat.pickup.minecraft.cooked_porkchop":62,"stat.craftItem.architecturecraft.sawblade":1,"stat.useItem.minecraft.stone_slab2":131,"stat.pickup.minecraft.bow":2,"stat.craftItem.morefurnaces.furnaceblock":10,"stat.pickup.actuallyadditions.block_giant_chest":1,"stat.breakItem.gregtech.wire_cutter":1,"stat.pickup.gregtech.ore_almandine_0":55,"stat.craftItem.minecraft.furnace":8,"stat.useItem.morefurnaces.furnaceblock":4,"stat.craftItem.minecraft.iron_boots":2,"stat.mineBlock.gregtech.ore_magnetite_0":79,"stat.craftItem.minecraft.cooked_beef":144,"stat.mineBlock.minecraft.obsidian":18,"stat.mineBlock.minecraft.clay":33,"stat.flyOneCm":2650862,"stat.pickup.minecraft.sandstone":18,"stat.pickup.gregtech.ore_green_sapphire_0":10,"stat.pickup.architecturecraft.shape":16,"stat.pickup.gregtech.ore_cinnabar_0":4,"stat.craftItem.gregtech.ore_malachite_0":32,"stat.timeSinceDeath":1288045,"stat.craftItem.minecraft.spawn_egg":2,"stat.mineBlock.gregtech.ore_uraninite_0":33,"stat.craftItem.minecraft.iron_block":3,"stat.pickup.thermalexpansion.dynamo":7,"stat.craftItem.minecraft.stonebrick":476,"stat.mineBlock.gregtech.ore_green_sapphire_0":10,"stat.pickup.gregtech.ore_cobaltite_0":70,"stat.mineBlock.gregtech.ore_granitic_mineral_sand_0":2,"stat.mineBlock.minecraft.enchanting_table":1,"stat.killEntity.Creeper":4,"stat.pickup.minecraft.shield":3,"stat.mineBlock.gregtech.ore_cassiterite_0":7,"stat.pickup.minecraft.string":37,"stat.mineBlock.minecraft.ladder":1,"stat.pickup.gregtech.hammer":3,"stat.drop.thermalexpansion.capacitor":1,"stat.entityKilledBy.Skeleton":1,"stat.useItem.architecturecraft.shape":51,"stat.killEntity.Squid":2,"stat.sprintOneCm":4277720,"stat.pickup.gregtech.ore_granitic_mineral_sand_0":2,"stat.craftItem.gregtech.ore_diamond_0":32,"stat.useItem.enderio.item_power_conduit":12,"stat.pickup.gregtech.ore_galena_0":501,"stat.craftItem.minecraft.wooden_pressure_plate":1,"stat.craftItem.storagedrawers.trim":8,"stat.useItem.gregtech.mining_hammer":13798,"stat.pickup.gregtech.ore_sodalite_0":1,"stat.craftItem.gregtech.cable_quadruple":5,"stat.mineBlock.gregtech.ore_garnierite_0":55,"stat.killEntity.Zombie":29,"stat.craftItem.minecraft.dye":238,"stat.pickup.chisel.stonebrick2":4,"stat.diveOneCm":41559,"stat.craftItem.minecraft.slime_ball":14,"stat.pickup.minecraft.wheat":391,"stat.pickup.storagedrawers.basicdrawers":5,"stat.craftItem.openglider.hang_glider_basic":2,"stat.craftItem.minecraft.cooked_porkchop":73,"stat.pickup.minecraft.obsidian":18,"stat.pickup.tombmanygraves.death_list":2,"stat.useItem.minecraft.rotten_flesh":4,"stat.pickup.extrautils2.itembuilderswand":1,"stat.jump":6710,"stat.useItem.minecraft.sand":1,"stat.pickup.minecraft.coal":190,"stat.pickup.minecraft.iron_ingot":152,"stat.mineBlock.minecraft.observer":2,"stat.mineBlock.nuclearcraft.water_source":6,"stat.pickup.minecraft.gunpowder":6,"stat.craftItem.minecraft.torch":720,"stat.pickup.minecraft.dirt":496,"stat.useItem.chisel.quartz1":16,"stat.useItem.minecraft.glass":62,"stat.craftItem.gregtech.wire_quadruple":10,"stat.useItem.minecraft.sapling":29,"stat.pickup.gregtech.cable_single":5,"stat.damageTaken":8640,"stat.useItem.minecraft.stone_brick_stairs":35,"stat.craftItem.gregtech.planks":8,"stat.mineBlock.minecraft.torch":10,"stat.craftItem.contenttweaker.pulsatingdust":51,"stat.mineBlock.minecraft.red_flower":6,"stat.mineBlock.minecraft.sapling":3,"stat.pickup.minecraft.log2":11,"stat.entityKilledBy.ZombieVillager":1,"stat.drop.enderio.item_dark_steel_sword":2,"stat.pickup.minecraft.quartz_block":364,"stat.craftItem.extrautils2.compressedsand":207,"stat.craftItem.darkutils.timer":1,"stat.craftItem.openglider.hang_glider_part":6,"stat.animalsBred":152,"stat.useItem.minecraft.chest":9,"stat.useItem.minecraft.observer":9,"stat.useItem.actuallyadditions.item_worm":1,"stat.mineBlock.gregtech.ore_almandine_0":55,"stat.craftItem.architecturecraft.hammer":1,"stat.drop.gregtech.mining_hammer":2,"stat.mineBlock.gregtech.ore_ruby_0":18,"stat.mineBlock.gregtech.ore_basaltic_mineral_sand_0":8,"stat.drop.toolbelt.pouch":1,"stat.craftItem.minecraft.iron_chestplate":2,"stat.useItem.minecraft.stained_hardened_clay":17,"stat.pickup.minecraft.ladder":2,"stat.pickup.minecraft.cooked_beef":1,"stat.mineBlock.gregtech.ore_asbestos_0":2,"stat.craftItem.minecraft.bookshelf":2,"stat.mineBlock.minecraft.stonebrick":985,"stat.pickup.gregtech.ore_chalcopyrite_0":4,"stat.mobKills":192,"stat.mineBlock.minecraft.bookshelf":41,"stat.useItem.minecraft.cobblestone_wall":19,"stat.pickup.minecraft.torch":49,"stat.mineBlock.gregtech.ore_coal_0":953,"stat.pickup.gregtech.ore_pitchblende_0":32,"stat.mineBlock.storagedrawers.basicdrawers":5,"stat.craftItem.simplyjetpacks.metaitem":8,"stat.craftItem.minecraft.iron_axe":1,"stat.pickup.gregtech.ore_nickel_0":253,"stat.useItem.minecraft.planks":48,"stat.pickup.minecraft.porkchop":28,"stat.pickup.minecraft.glass":10,"stat.craftItem.gregtech.mining_hammer":3,"stat.craftItem.architecturecraft.sawbench":1,"stat.mineBlock.gregtech.ore_vanadium_magnetite_0":5,"stat.pickup.darkutils.timer":1,"stat.useItem.minecraft.water_bucket":18,"stat.mineBlock.minecraft.stone_brick_stairs":23,"stat.pickup.minecraft.sand":2531,"stat.useItem.enderio.item_dark_steel_sword":159,"stat.entityKilledBy.Spider":1,"stat.craftItem.actuallyadditions.block_misc":4,"stat.pickup.nuclearcraft.water_source":7,"stat.pickup.minecraft.observer":2,"stat.craftItem.minecraft.cobblestone_wall":48,"stat.craftItem.gregtech.axe":1,"stat.pickup.chisel.cobblestone1":4,"stat.craftItem.minecraft.stone_sword":1,"stat.pickup.openglider.hang_glider_basic":1,"stat.pickup.chisel.cobblestone2":14,"stat.mineBlock.minecraft.sand":2688,"stat.craftItem.contenttweaker.excitationcoil":3,"stat.craftItem.gregtech.ore_sulfur_0":32,"stat.pickup.gregtech.ore_spodumene_0":13,"stat.hopperInspected":56,"stat.mineBlock.gregtech.ore_nickel_0":254,"stat.useItem.minecraft.spawn_egg":1,"stat.mineBlock.architecturecraft.sawbench":1,"stat.pickup.actuallyadditions.item_worm":4,"stat.pickup.gregtech.meta_ingot":213,"stat.craftItem.gregtech.saw":3,"stat.craftItem.gregtech.machine":10,"stat.drop.gregtech.meta_ingot":147,"stat.craftItem.enderio.item_material":72,"stat.pickup.gregtech.ore_yellow_limonite_0":788,"stat.craftItem.minecraft.observer":10,"stat.pickup.actuallyadditions.item_solidified_experience":23,"stat.pickup.gregtech.file":1,"stat.craftItem.thermalfoundation.material":22,"stat.pickup.minecraft.furnace":19,"stat.useItem.minecraft.redstone":23,"stat.pickup.minecraft.skull":2,"stat.useItem.gregtech.item_pipe_small":16,"stat.pickup.gregtech.meta_item_1":128,"stat.pickup.gregtech.mining_hammer":4,"stat.pickup.gregtech.ore_ruby_0":31,"stat.craftItem.gregtech.meta_ingot":2213,"stat.useItem.minecraft.hopper":1,"stat.mineBlock.gregtech.ore_bentonite_0":1,"stat.mineBlock.actuallyadditions.block_giant_chest":1,"stat.craftItem.gregtech.meta_item_1":295,"stat.craftItem.gregtech.meta_foil":34,"stat.playOneMinute":1364977,"stat.drop.minecraft.chest":1,"stat.pickup.minecraft.iron_bars":1,"stat.useItem.chisel.stonebrick2":4,"stat.craftItem.storagedrawers.framingtable":1,"stat.pickup.contenttweaker.omnicoin5":1,"stat.pickup.gregtech.ore_zeolite_0":1,"stat.craftItem.snad.snad":10,"stat.craftItem.minecraft.iron_hoe":1,"stat.fallOneCm":176561,"stat.pickup.gregtech.machine":27,"stat.craftItem.minecraft.chest":108,"stat.useItem.minecraft.iron_hoe":50,"stat.mineBlock.gregtech.ore_yellow_limonite_0":480,"stat.mineBlock.gregtech.machine":23,"stat.pickup.gregtech.ore_lepidolite_0":4,"stat.mineBlock.gregtech.ore_cinnabar_0":7,"stat.useItem.minecraft.furnace":2,"stat.mineBlock.architecturecraft.shape":16,"stat.drop.gregtech.meta_item_1":24,"stat.pickup.gregtech.ore_malachite_0":166,"stat.pickup.gregtech.saw":1,"stat.pickup.gregtech.ore_banded_iron_0":268,"stat.mineBlock.minecraft.gravel":48,"stat.useItem.minecraft.stone_pickaxe":51,"stat.mineBlock.gregtech.ore_tin_0":29,"stat.useItem.minecraft.stone_sword":41,"stat.craftItem.minecraft.iron_leggings":2,"stat.drop.minecraft.reeds":526,"stat.useItem.minecraft.torch":477,"stat.pickup.gregtech.ore_silver_0":151,"stat.pickup.gregtech.wire_cutter":2,"stat.pickup.minecraft.crafting_table":1,"stat.craftItem.minecraft.crafting_table":12,"stat.mineBlock.gregtech.ore_pentlandite_0":34,"stat.pickup.minecraft.log":536,"stat.mineBlock.gregtech.ore_fullers_earth_0":3,"stat.pickup.minecraft.web":1,"stat.craftItem.gregtech.machine_casing":1,"stat.pickup.minecraft.sapling":250,"stat.useItem.chisel.quartz":4,"stat.pickup.gregtech.ore_brown_limonite_0":377,"stat.craftItem.toolbelt.belt":2,"stat.drop.enderio.item_liquid_conduit":4,"stat.craftItem.thermalexpansion.capacitor":3,"stat.mineBlock.gregtech.ore_silver_0":77,"stat.craftItem.architecturecraft.chisel":1,"stat.craftItem.gregtech.ore_stibnite_0":32,"stat.craftItem.minecraft.cooked_chicken":3,"stat.pickup.gregtech.ore_garnierite_0":58,"stat.sneakTime":14707,"stat.mineBlock.minecraft.cobblestone_wall":1,"stat.pickup.minecraft.stone_slab":26,"stat.pickup.minecraft.yellow_flower":3,"stat.pickup.minecraft.golden_rail":1,"stat.pickup.minecraft.chest":1,"stat.drop.minecraft.stone_pickaxe":1,"stat.pickup.minecraft.bone":47,"stat.pickup.minecraft.redstone_torch":2,"stat.pickup.gregtech.ore_asbestos_0":2,"stat.mineBlock.gregtech.ore_galena_0":226,"stat.useItem.gregtech.stone_cobble":5,"stat.mineBlock.gregtech.ore_gypsum_0":1,"stat.craftItem.minecraft.stone_brick_stairs":20,"stat.drop.gregtech.wrench":1,"stat.swimOneCm":80100,"stat.climbOneCm":76841,"stat.useItem.minecraft.dirt":74,"stat.pickup.gregtech.ore_coal_0":1189,"stat.craftItem.gregtech.wrench":3,"stat.pickup.gregtech.meta_wire_fine":4,"stat.craftItem.gregtech.meta_screw":7,"stat.pickup.minecraft.enchanting_table":1,"stat.pickup.minecraft.anvil":2,"stat.drop.toolbelt.belt":1,"stat.craftItem.minecraft.quartz":96,"stat.craftItem.minecraft.stone_pickaxe":1,"stat.pickup.minecraft.cobblestone":9123,"stat.drop.chisel.chisel_iron":1,"stat.mineBlock.gregtech.ore_glauconite_sand_0":1,"stat.pickup.gregtech.meta_plate":61,"stat.pickup.gregtech.ore_sapphire_0":40,"stat.breakItem.gregtech.hammer":1,"stat.useItem.gregtech.ore_ruby_0":3,"stat.craftItem.minecraft.wooden_slab":18,"stat.useItem.minecraft.cooked_beef":46,"stat.pickup.minecraft.redstone":59,"stat.useItem.gregtech.rubber_sapling":24,"stat.drop.openglider.hang_glider_basic":2,"stat.pickup.gregtech.wire_quadruple":4,"stat.mineBlock.gregtech.ore_rock_salt_0":8,"stat.pickup.gregtech.rubber_sapling":50,"stat.pickup.minecraft.stonebrick":982,"stat.drop.minecraft.dirt":3,"stat.useItem.minecraft.cooked_porkchop":81,"stat.pickup.gregtech.ore_redstone_0":120,"stat.drop.thermalexpansion.satchel":1,"stat.pickup.gregtech.meta_foil":15,"stat.craftItem.gregtech.meta_stick":180,"stat.craftItem.minecraft.brick_block":17,"stat.craftItem.minecraft.stone_slab2":0,"stat.pickup.actuallyadditions.item_misc":6,"stat.pickup.minecraft.paper":61,"stat.pickup.morefurnaces.furnaceblock":4,"stat.craftItem.minecraft.stick":400,"stat.pickup.gregtech.ore_iron_0":12,"stat.craftItem.gregtech.meta_gear":6,"stat.craftItem.thermalexpansion.dynamo":3,"stat.craftItem.minecraft.stone":764,"stat.craftItem.gregtech.meta_gear_small":5,"stat.mineBlock.minecraft.crafting_table":1,"stat.mineBlock.gregtech.ore_redstone_0":121,"stat.mineBlock.minecraft.quartz_block":368,"stat.useItem.extrautils2.itembuilderswand":23,"stat.useItem.gregtech.drill_lv":1776,"stat.mineBlock.gregtech.ore_brown_limonite_0":191,"stat.mineBlock.minecraft.planks":3,"stat.craftItem.gregtech.meta_plate":457,"stat.drop":55,"stat.craftItem.actuallyadditions.item_misc":8,"stat.pickup.minecraft.slime_ball":7,"stat.craftItem.minecraft.clay":21,"stat.pickup.gregtech.ore_salt_0":7,"stat.craftItem.minecraft.piston":10,"stat.pickup.minecraft.gravel":43,"stat.drop.minecraft.cooked_beef":1,"stat.pickup.gregtech.ore_realgar_0":1,"stat.mineBlock.minecraft.anvil":1,"stat.pickup.minecraft.stone_brick_stairs":23,"stat.pickup.minecraft.brick":12,"stat.useItem.storagedrawers.basicdrawers":65,"stat.breakItem.gregtech.mining_hammer":1,"stat.pickup.enderio.item_power_conduit":12,"stat.useItem.minecraft.stone_axe":32,"stat.useItem.minecraft.piston":9,"stat.craftItem.minecraft.bread":9,"stat.pickup.minecraft.spider_eye":14,"stat.craftItem.minecraft.iron_helmet":2,"stat.useItem.minecraft.cooked_chicken":3,"stat.mineBlock.minecraft.iron_bars":26,"stat.pickup.gregtech.wrench":2,"stat.pickup.minecraft.leather":79,"stat.mineBlock.minecraft.furnace":16,"stat.pickup.gregtech.ore_rock_salt_0":8,"stat.pickup.minecraft.reeds":5299,"stat.pickup.gregtech.rubber_log":102,"stat.damageDealt":25956,"stat.craftItem.minecraft.glass":551,"stat.sleepInBed":7,"stat.pickup.snad.snad":12,"stat.craftItem.minecraft.anvil":1,"stat.killEntity.Cow":83,"stat.killEntity.Pig":17,"stat.craftItem.minecraft.iron_sword":1,"stat.pickup.minecraft.piston":2,"stat.walkOneCm":2314222,"stat.playerKills":1,"stat.pickup.minecraft.stick":27,"stat.craftItem.gregtech.screwdriver":4,"stat.mineBlock.gregtech.ore_salt_0":7,"stat.pickup.minecraft.clay_ball":160,"stat.craftItem.gregtech.wire_single":63,"stat.craftItem.gregtech.ore_lithium_0":32,"stat.craftItem.gregtech.wire_cutter":4,"stat.mineBlock.gregtech.ore_spodumene_0":4,"stat.pickup.gregtech.meta_dust":98,"stat.pickup.minecraft.stone":3,"stat.craftItem.contenttweaker.omnicoin25":4,"stat.craftItem.minecraft.redstone":1165,"stat.pickup.chisel.quartz1":60,"stat.mineBlock.gregtech.rubber_log":102,"stat.pickup.minecraft.gold_ingot":21,"stat.killEntity.Skeleton":19,"stat.mineBlock.gregtech.stone_smooth":865,"stat.craftItem.architecturecraft.largepulley":1,"stat.craftItem.gregtech.meta_bolt":22,"stat.killEntity.Spider":31,"stat.pickup.minecraft.water_bucket":2,"stat.mineBlock.minecraft.leaves":60,"stat.craftItem.gregtech.meta_dust":785,"stat.mineBlock.minecraft.piston":2,"stat.useItem.chisel.cobblestone1":4,"stat.useItem.chisel.cobblestone2":9,"stat.craftItem.minecraft.brick":58,"stat.mineBlock.minecraft.stone":9166,"stat.craftItem.actuallyadditions.block_giant_chest":4,"stat.useItem.thermalfoundation.tool.excavator_iron":418}